county,state_fips,ym,mw_local,mw_state,mw_county,local_above
4005,4,2018-01,11.0,10.5,11.0,1
4005,4,2018-02,11.0,10.5,11.0,1
4005,4,2018-03,11.0,10.5,11.0,1
4005,4,2018-04,11.0,10.5,11.0,1
4005,4,2018-05,11.0,10.5,11.0,1
4005,4,2018-06,11.0,10.5,11.0,1
4005,4,2018-07,11.0,10.5,11.0,1
4005,4,2018-08,11.0,10.5,11.0,1
4005,4,2018-09,11.0,10.5,11.0,1
4005,4,2018-10,11.0,10.5,11.0,1
4005,4,2018-11,11.0,10.5,11.0,1
4005,4,2018-12,11.0,10.5,11.0,1
4005,4,2019-01,12.0,11.0,12.0,1
4005,4,2019-02,12.0,11.0,12.0,1
4005,4,2019-03,12.0,11.0,12.0,1
4005,4,2019-04,12.0,11.0,12.0,1
4005,4,2019-05,12.0,11.0,12.0,1
4005,4,2019-06,12.0,11.0,12.0,1
4005,4,2019-07,12.0,11.0,12.0,1
4005,4,2019-08,12.0,11.0,12.0,1
4005,4,2019-09,12.0,11.0,12.0,1
4005,4,2019-10,12.0,11.0,12.0,1
4005,4,2019-11,12.0,11.0,12.0,1
4005,4,2019-12,12.0,11.0,12.0,1
4005,4,2020-01,13.0,12.0,13.0,1
4005,4,2020-02,13.0,12.0,13.0,1
4005,4,2020-03,13.0,12.0,13.0,1
4005,4,2020-04,13.0,12.0,13.0,1
4005,4,2020-05,13.0,12.0,13.0,1
4005,4,2020-06,13.0,12.0,13.0,1
4005,4,2020-07,13.0,12.0,13.0,1
4005,4,2020-08,13.0,12.0,13.0,1
4005,4,2020-09,13.0,12.0,13.0,1
4005,4,2020-10,13.0,12.0,13.0,1
4005,4,2020-11,13.0,12.0,13.0,1
4005,4,2020-12,13.0,12.0,13.0,1
4005,4,2021-01,15.0,12.15,15.0,1
4005,4,2021-02,15.0,12.15,15.0,1
4005,4,2021-03,15.0,12.15,15.0,1
4005,4,2021-04,15.0,12.15,15.0,1
4005,4,2021-05,15.0,12.15,15.0,1
4005,4,2021-06,15.0,12.15,15.0,1
4005,4,2021-07,15.0,12.15,15.0,1
4005,4,2021-08,15.0,12.15,15.0,1
4005,4,2021-09,15.0,12.15,15.0,1
4005,4,2021-10,15.0,12.15,15.0,1
4005,4,2021-11,15.0,12.15,15.0,1
4005,4,2021-12,15.0,12.15,15.0,1
4005,4,2022-01,15.5,12.8,15.5,1
4005,4,2022-02,15.5,12.8,15.5,1
4005,4,2022-03,15.5,12.8,15.5,1
4005,4,2022-04,15.5,12.8,15.5,1
4005,4,2022-05,15.5,12.8,15.5,1
4005,4,2022-06,15.5,12.8,15.5,1
4005,4,2022-07,15.5,12.8,15.5,1
4005,4,2022-08,15.5,12.8,15.5,1
4005,4,2022-09,15.5,12.8,15.5,1
4005,4,2022-10,15.5,12.8,15.5,1
4005,4,2022-11,15.5,12.8,15.5,1
4005,4,2022-12,15.5,12.8,15.5,1
4005,4,2023-01,15.5,13.85,15.5,1
4005,4,2023-02,15.5,13.85,15.5,1
4005,4,2023-03,15.5,13.85,15.5,1
4005,4,2023-04,15.5,13.85,15.5,1
4005,4,2023-05,15.5,13.85,15.5,1
4005,4,2023-06,15.5,13.85,15.5,1
4005,4,2023-07,15.5,13.85,15.5,1
4005,4,2023-08,15.5,13.85,15.5,1
4005,4,2023-09,15.5,13.85,15.5,1
4005,4,2023-10,15.5,13.85,15.5,1
4005,4,2023-11,15.5,13.85,15.5,1
4005,4,2023-12,15.5,13.85,15.5,1
4005,4,2024-01,15.5,14.35,15.5,1
4005,4,2024-02,15.5,14.35,15.5,1
4005,4,2024-03,15.5,14.35,15.5,1
4005,4,2024-04,15.5,14.35,15.5,1
4005,4,2024-05,15.5,14.35,15.5,1
4005,4,2024-06,15.5,14.35,15.5,1
4005,4,2024-07,15.5,14.35,15.5,1
4005,4,2024-08,15.5,14.35,15.5,1
4005,4,2024-09,15.5,14.35,15.5,1
4005,4,2024-10,15.5,14.35,15.5,1
4005,4,2024-11,15.5,14.35,15.5,1
4005,4,2024-12,15.5,14.35,15.5,1
4005,4,2025-01,15.5,14.7,15.5,1
4005,4,2025-02,15.5,14.7,15.5,1
4005,4,2025-03,15.5,14.7,15.5,1
4005,4,2025-04,15.5,14.7,15.5,1
4005,4,2025-05,15.5,14.7,15.5,1
4005,4,2025-06,15.5,14.7,15.5,1
4005,4,2025-07,15.5,14.7,15.5,1
4005,4,2025-08,15.5,14.7,15.5,1
4005,4,2025-09,15.5,14.7,15.5,1
4005,4,2025-10,15.5,14.7,15.5,1
4005,4,2025-11,15.5,14.7,15.5,1
4005,4,2025-12,15.5,14.7,15.5,1
6001,6,2015-04,12.25,9.0,12.25,1
6001,6,2015-05,12.25,9.0,12.25,1
6001,6,2015-06,12.25,9.0,12.25,1
6001,6,2015-07,12.25,9.0,12.25,1
6001,6,2015-08,12.25,9.0,12.25,1
6001,6,2015-09,12.25,9.0,12.25,1
6001,6,2015-10,12.25,9.0,12.25,1
6001,6,2015-11,12.25,9.0,12.25,1
6001,6,2015-12,12.25,9.0,12.25,1
6001,6,2016-01,12.55,10.0,12.55,1
6001,6,2016-02,12.55,10.0,12.55,1
6001,6,2016-03,12.55,10.0,12.55,1
6001,6,2016-04,12.55,10.0,12.55,1
6001,6,2016-05,12.55,10.0,12.55,1
6001,6,2016-06,12.55,10.0,12.55,1
6001,6,2016-07,12.55,10.0,12.55,1
6001,6,2016-08,12.55,10.0,12.55,1
6001,6,2016-09,12.55,10.0,12.55,1
6001,6,2016-10,12.55,10.0,12.55,1
6001,6,2016-11,12.55,10.0,12.55,1
6001,6,2016-12,12.55,10.0,12.55,1
6001,6,2017-01,12.86,10.5,12.86,1
6001,6,2017-02,12.86,10.5,12.86,1
6001,6,2017-03,12.86,10.5,12.86,1
6001,6,2017-04,12.86,10.5,12.86,1
6001,6,2017-05,12.86,10.5,12.86,1
6001,6,2017-06,12.86,10.5,12.86,1
6001,6,2017-07,12.86,10.5,12.86,1
6001,6,2017-08,12.86,10.5,12.86,1
6001,6,2017-09,12.86,10.5,12.86,1
6001,6,2017-10,12.86,10.5,12.86,1
6001,6,2017-11,12.86,10.5,12.86,1
6001,6,2017-12,12.86,10.5,12.86,1
6001,6,2018-01,13.23,11.0,13.23,1
6001,6,2018-02,13.23,11.0,13.23,1
6001,6,2018-03,13.23,11.0,13.23,1
6001,6,2018-04,13.23,11.0,13.23,1
6001,6,2018-05,13.23,11.0,13.23,1
6001,6,2018-06,13.23,11.0,13.23,1
6001,6,2018-07,13.23,11.0,13.23,1
6001,6,2018-08,13.23,11.0,13.23,1
6001,6,2018-09,13.23,11.0,13.23,1
6001,6,2018-10,13.23,11.0,13.23,1
6001,6,2018-11,13.23,11.0,13.23,1
6001,6,2018-12,13.23,11.0,13.23,1
6001,6,2019-01,13.8,12.0,13.8,1
6001,6,2019-02,13.8,12.0,13.8,1
6001,6,2019-03,13.8,12.0,13.8,1
6001,6,2019-04,13.8,12.0,13.8,1
6001,6,2019-05,13.8,12.0,13.8,1
6001,6,2019-06,13.8,12.0,13.8,1
6001,6,2019-07,13.8,12.0,13.8,1
6001,6,2019-08,13.8,12.0,13.8,1
6001,6,2019-09,13.8,12.0,13.8,1
6001,6,2019-10,13.8,12.0,13.8,1
6001,6,2019-11,13.8,12.0,13.8,1
6001,6,2019-12,13.8,12.0,13.8,1
6001,6,2020-01,14.14,13.0,14.14,1
6001,6,2020-02,14.14,13.0,14.14,1
6001,6,2020-03,14.14,13.0,14.14,1
6001,6,2020-04,14.14,13.0,14.14,1
6001,6,2020-05,14.14,13.0,14.14,1
6001,6,2020-06,14.14,13.0,14.14,1
6001,6,2020-07,14.14,13.0,14.14,1
6001,6,2020-08,14.14,13.0,14.14,1
6001,6,2020-09,14.14,13.0,14.14,1
6001,6,2020-10,14.14,13.0,14.14,1
6001,6,2020-11,14.14,13.0,14.14,1
6001,6,2020-12,14.14,13.0,14.14,1
6001,6,2021-01,14.36,14.0,14.36,1
6001,6,2021-02,14.36,14.0,14.36,1
6001,6,2021-03,14.36,14.0,14.36,1
6001,6,2021-04,14.36,14.0,14.36,1
6001,6,2021-05,14.36,14.0,14.36,1
6001,6,2021-06,14.36,14.0,14.36,1
6001,6,2021-07,14.36,14.0,14.36,1
6001,6,2021-08,14.36,14.0,14.36,1
6001,6,2021-09,14.36,14.0,14.36,1
6001,6,2021-10,14.36,14.0,14.36,1
6001,6,2021-11,14.36,14.0,14.36,1
6001,6,2021-12,14.36,14.0,14.36,1
6001,6,2022-01,15.06,15.0,15.06,1
6001,6,2022-02,15.06,15.0,15.06,1
6001,6,2022-03,15.06,15.0,15.06,1
6001,6,2022-04,15.06,15.0,15.06,1
6001,6,2022-05,15.06,15.0,15.06,1
6001,6,2022-06,15.06,15.0,15.06,1
6001,6,2022-07,15.06,15.0,15.06,1
6001,6,2022-08,15.06,15.0,15.06,1
6001,6,2022-09,15.06,15.0,15.06,1
6001,6,2022-10,15.06,15.0,15.06,1
6001,6,2022-11,15.06,15.0,15.06,1
6001,6,2022-12,15.06,15.0,15.06,1
6001,6,2023-01,15.06,15.5,15.5,0
6001,6,2023-02,15.06,15.5,15.5,0
6001,6,2023-03,15.06,15.5,15.5,0
6001,6,2023-04,15.06,15.5,15.5,0
6001,6,2023-05,15.06,15.5,15.5,0
6001,6,2023-06,15.06,15.5,15.5,0
6001,6,2023-07,15.06,15.5,15.5,0
6001,6,2023-08,15.06,15.5,15.5,0
6001,6,2023-09,15.06,15.5,15.5,0
6001,6,2023-10,15.06,15.5,15.5,0
6001,6,2023-11,15.06,15.5,15.5,0
6001,6,2023-12,15.06,15.5,15.5,0
6001,6,2024-01,15.06,16.0,16.0,0
6001,6,2024-02,15.06,16.0,16.0,0
6001,6,2024-03,15.06,16.0,16.0,0
6001,6,2024-04,15.06,16.0,16.0,0
6001,6,2024-05,15.06,16.0,16.0,0
6001,6,2024-06,15.06,16.0,16.0,0
6001,6,2024-07,15.06,16.0,16.0,0
6001,6,2024-08,15.06,16.0,16.0,0
6001,6,2024-09,15.06,16.0,16.0,0
6001,6,2024-10,15.06,16.0,16.0,0
6001,6,2024-11,15.06,16.0,16.0,0
6001,6,2024-12,15.06,16.0,16.0,0
6001,6,2025-01,15.06,16.5,16.5,0
6001,6,2025-02,15.06,16.5,16.5,0
6001,6,2025-03,15.06,16.5,16.5,0
6001,6,2025-04,15.06,16.5,16.5,0
6001,6,2025-05,15.06,16.5,16.5,0
6001,6,2025-06,15.06,16.5,16.5,0
6001,6,2025-07,15.06,16.5,16.5,0
6001,6,2025-08,15.06,16.5,16.5,0
6001,6,2025-09,15.06,16.5,16.5,0
6001,6,2025-10,15.06,16.5,16.5,0
6001,6,2025-11,15.06,16.5,16.5,0
6001,6,2025-12,15.06,16.5,16.5,0
6013,6,2015-01,9.6,9.0,9.6,1
6013,6,2015-02,9.6,9.0,9.6,1
6013,6,2015-03,9.6,9.0,9.6,1
6013,6,2015-04,9.6,9.0,9.6,1
6013,6,2015-05,9.6,9.0,9.6,1
6013,6,2015-06,9.6,9.0,9.6,1
6013,6,2015-07,9.6,9.0,9.6,1
6013,6,2015-08,9.6,9.0,9.6,1
6013,6,2015-09,9.6,9.0,9.6,1
6013,6,2015-10,9.6,9.0,9.6,1
6013,6,2015-11,9.6,9.0,9.6,1
6013,6,2015-12,9.6,9.0,9.6,1
6013,6,2016-01,11.52,10.0,11.52,1
6013,6,2016-02,11.52,10.0,11.52,1
6013,6,2016-03,11.52,10.0,11.52,1
6013,6,2016-04,11.52,10.0,11.52,1
6013,6,2016-05,11.52,10.0,11.52,1
6013,6,2016-06,11.52,10.0,11.52,1
6013,6,2016-07,11.52,10.0,11.52,1
6013,6,2016-08,11.52,10.0,11.52,1
6013,6,2016-09,11.52,10.0,11.52,1
6013,6,2016-10,11.52,10.0,11.52,1
6013,6,2016-11,11.52,10.0,11.52,1
6013,6,2016-12,11.52,10.0,11.52,1
6013,6,2017-01,12.3,10.5,12.3,1
6013,6,2017-02,12.3,10.5,12.3,1
6013,6,2017-03,12.3,10.5,12.3,1
6013,6,2017-04,12.3,10.5,12.3,1
6013,6,2017-05,12.3,10.5,12.3,1
6013,6,2017-06,12.3,10.5,12.3,1
6013,6,2017-07,12.3,10.5,12.3,1
6013,6,2017-08,12.3,10.5,12.3,1
6013,6,2017-09,12.3,10.5,12.3,1
6013,6,2017-10,12.3,10.5,12.3,1
6013,6,2017-11,12.3,10.5,12.3,1
6013,6,2017-12,12.3,10.5,12.3,1
6013,6,2018-01,13.41,11.0,13.41,1
6013,6,2018-02,13.41,11.0,13.41,1
6013,6,2018-03,13.41,11.0,13.41,1
6013,6,2018-04,13.41,11.0,13.41,1
6013,6,2018-05,13.41,11.0,13.41,1
6013,6,2018-06,13.41,11.0,13.41,1
6013,6,2018-07,13.41,11.0,13.41,1
6013,6,2018-08,13.41,11.0,13.41,1
6013,6,2018-09,13.41,11.0,13.41,1
6013,6,2018-10,13.41,11.0,13.41,1
6013,6,2018-11,13.41,11.0,13.41,1
6013,6,2018-12,13.41,11.0,13.41,1
6013,6,2019-01,15.0,12.0,15.0,1
6013,6,2019-02,15.0,12.0,15.0,1
6013,6,2019-03,15.0,12.0,15.0,1
6013,6,2019-04,15.0,12.0,15.0,1
6013,6,2019-05,15.0,12.0,15.0,1
6013,6,2019-06,15.0,12.0,15.0,1
6013,6,2019-07,15.0,12.0,15.0,1
6013,6,2019-08,15.0,12.0,15.0,1
6013,6,2019-09,15.0,12.0,15.0,1
6013,6,2019-10,15.0,12.0,15.0,1
6013,6,2019-11,15.0,12.0,15.0,1
6013,6,2019-12,15.0,12.0,15.0,1
6013,6,2020-01,15.0,13.0,15.0,1
6013,6,2020-02,15.0,13.0,15.0,1
6013,6,2020-03,15.0,13.0,15.0,1
6013,6,2020-04,15.0,13.0,15.0,1
6013,6,2020-05,15.0,13.0,15.0,1
6013,6,2020-06,15.0,13.0,15.0,1
6013,6,2020-07,15.0,13.0,15.0,1
6013,6,2020-08,15.0,13.0,15.0,1
6013,6,2020-09,15.0,13.0,15.0,1
6013,6,2020-10,15.0,13.0,15.0,1
6013,6,2020-11,15.0,13.0,15.0,1
6013,6,2020-12,15.0,13.0,15.0,1
6013,6,2021-01,15.21,14.0,15.21,1
6013,6,2021-02,15.21,14.0,15.21,1
6013,6,2021-03,15.21,14.0,15.21,1
6013,6,2021-04,15.21,14.0,15.21,1
6013,6,2021-05,15.21,14.0,15.21,1
6013,6,2021-06,15.21,14.0,15.21,1
6013,6,2021-07,15.21,14.0,15.21,1
6013,6,2021-08,15.21,14.0,15.21,1
6013,6,2021-09,15.21,14.0,15.21,1
6013,6,2021-10,15.21,14.0,15.21,1
6013,6,2021-11,15.21,14.0,15.21,1
6013,6,2021-12,15.21,14.0,15.21,1
6013,6,2022-01,15.54,15.0,15.54,1
6013,6,2022-02,15.54,15.0,15.54,1
6013,6,2022-03,15.54,15.0,15.54,1
6013,6,2022-04,15.54,15.0,15.54,1
6013,6,2022-05,15.54,15.0,15.54,1
6013,6,2022-06,15.54,15.0,15.54,1
6013,6,2022-07,15.54,15.0,15.54,1
6013,6,2022-08,15.54,15.0,15.54,1
6013,6,2022-09,15.54,15.0,15.54,1
6013,6,2022-10,15.54,15.0,15.54,1
6013,6,2022-11,15.54,15.0,15.54,1
6013,6,2022-12,15.54,15.0,15.54,1
6013,6,2023-01,15.54,15.5,15.54,1
6013,6,2023-02,15.54,15.5,15.54,1
6013,6,2023-03,15.54,15.5,15.54,1
6013,6,2023-04,15.54,15.5,15.54,1
6013,6,2023-05,15.54,15.5,15.54,1
6013,6,2023-06,15.54,15.5,15.54,1
6013,6,2023-07,15.54,15.5,15.54,1
6013,6,2023-08,15.54,15.5,15.54,1
6013,6,2023-09,15.54,15.5,15.54,1
6013,6,2023-10,15.54,15.5,15.54,1
6013,6,2023-11,15.54,15.5,15.54,1
6013,6,2023-12,15.54,15.5,15.54,1
6013,6,2024-01,15.54,16.0,16.0,0
6013,6,2024-02,15.54,16.0,16.0,0
6013,6,2024-03,15.54,16.0,16.0,0
6013,6,2024-04,15.54,16.0,16.0,0
6013,6,2024-05,15.54,16.0,16.0,0
6013,6,2024-06,15.54,16.0,16.0,0
6013,6,2024-07,15.54,16.0,16.0,0
6013,6,2024-08,15.54,16.0,16.0,0
6013,6,2024-09,15.54,16.0,16.0,0
6013,6,2024-10,15.54,16.0,16.0,0
6013,6,2024-11,15.54,16.0,16.0,0
6013,6,2024-12,15.54,16.0,16.0,0
6013,6,2025-01,15.54,16.5,16.5,0
6013,6,2025-02,15.54,16.5,16.5,0
6013,6,2025-03,15.54,16.5,16.5,0
6013,6,2025-04,15.54,16.5,16.5,0
6013,6,2025-05,15.54,16.5,16.5,0
6013,6,2025-06,15.54,16.5,16.5,0
6013,6,2025-07,15.54,16.5,16.5,0
6013,6,2025-08,15.54,16.5,16.5,0
6013,6,2025-09,15.54,16.5,16.5,0
6013,6,2025-10,15.54,16.5,16.5,0
6013,6,2025-11,15.54,16.5,16.5,0
6013,6,2025-12,15.54,16.5,16.5,0
6037,6,2016-07,10.5,10.0,10.5,1
6037,6,2016-08,10.5,10.0,10.5,1
6037,6,2016-09,10.5,10.0,10.5,1
6037,6,2016-10,10.5,10.0,10.5,1
6037,6,2016-11,10.5,10.0,10.5,1
6037,6,2016-12,10.5,10.0,10.5,1
6037,6,2017-01,10.5,10.5,10.5,0
6037,6,2017-02,10.5,10.5,10.5,0
6037,6,2017-03,10.5,10.5,10.5,0
6037,6,2017-04,10.5,10.5,10.5,0
6037,6,2017-05,10.5,10.5,10.5,0
6037,6,2017-06,10.5,10.5,10.5,0
6037,6,2017-07,12.0,10.5,12.0,1
6037,6,2017-08,12.0,10.5,12.0,1
6037,6,2017-09,12.0,10.5,12.0,1
6037,6,2017-10,12.0,10.5,12.0,1
6037,6,2017-11,12.0,10.5,12.0,1
6037,6,2017-12,12.0,10.5,12.0,1
6037,6,2018-01,12.0,11.0,12.0,1
6037,6,2018-02,12.0,11.0,12.0,1
6037,6,2018-03,12.0,11.0,12.0,1
6037,6,2018-04,12.0,11.0,12.0,1
6037,6,2018-05,12.0,11.0,12.0,1
6037,6,2018-06,12.0,11.0,12.0,1
6037,6,2018-07,13.25,11.0,13.25,1
6037,6,2018-08,13.25,11.0,13.25,1
6037,6,2018-09,13.25,11.0,13.25,1
6037,6,2018-10,13.25,11.0,13.25,1
6037,6,2018-11,13.25,11.0,13.25,1
6037,6,2018-12,13.25,11.0,13.25,1
6037,6,2019-01,13.25,12.0,13.25,1
6037,6,2019-02,13.25,12.0,13.25,1
6037,6,2019-03,13.25,12.0,13.25,1
6037,6,2019-04,13.25,12.0,13.25,1
6037,6,2019-05,13.25,12.0,13.25,1
6037,6,2019-06,13.25,12.0,13.25,1
6037,6,2019-07,14.25,12.0,14.25,1
6037,6,2019-08,14.25,12.0,14.25,1
6037,6,2019-09,14.25,12.0,14.25,1
6037,6,2019-10,14.25,12.0,14.25,1
6037,6,2019-11,14.25,12.0,14.25,1
6037,6,2019-12,14.25,12.0,14.25,1
6037,6,2020-01,14.25,13.0,14.25,1
6037,6,2020-02,14.25,13.0,14.25,1
6037,6,2020-03,14.25,13.0,14.25,1
6037,6,2020-04,14.25,13.0,14.25,1
6037,6,2020-05,14.25,13.0,14.25,1
6037,6,2020-06,14.25,13.0,14.25,1
6037,6,2020-07,15.0,13.0,15.0,1
6037,6,2020-08,15.0,13.0,15.0,1
6037,6,2020-09,15.0,13.0,15.0,1
6037,6,2020-10,15.0,13.0,15.0,1
6037,6,2020-11,15.0,13.0,15.0,1
6037,6,2020-12,15.0,13.0,15.0,1
6037,6,2021-01,15.0,14.0,15.0,1
6037,6,2021-02,15.0,14.0,15.0,1
6037,6,2021-03,15.0,14.0,15.0,1
6037,6,2021-04,15.0,14.0,15.0,1
6037,6,2021-05,15.0,14.0,15.0,1
6037,6,2021-06,15.0,14.0,15.0,1
6037,6,2021-07,15.0,14.0,15.0,1
6037,6,2021-08,15.0,14.0,15.0,1
6037,6,2021-09,15.0,14.0,15.0,1
6037,6,2021-10,15.0,14.0,15.0,1
6037,6,2021-11,15.0,14.0,15.0,1
6037,6,2021-12,15.0,14.0,15.0,1
6037,6,2022-01,15.0,15.0,15.0,0
6037,6,2022-02,15.0,15.0,15.0,0
6037,6,2022-03,15.0,15.0,15.0,0
6037,6,2022-04,15.0,15.0,15.0,0
6037,6,2022-05,15.0,15.0,15.0,0
6037,6,2022-06,15.0,15.0,15.0,0
6037,6,2022-07,15.96,15.0,15.96,1
6037,6,2022-08,15.96,15.0,15.96,1
6037,6,2022-09,15.96,15.0,15.96,1
6037,6,2022-10,15.96,15.0,15.96,1
6037,6,2022-11,15.96,15.0,15.96,1
6037,6,2022-12,15.96,15.0,15.96,1
6037,6,2023-01,15.96,15.5,15.96,1
6037,6,2023-02,15.96,15.5,15.96,1
6037,6,2023-03,15.96,15.5,15.96,1
6037,6,2023-04,15.96,15.5,15.96,1
6037,6,2023-05,15.96,15.5,15.96,1
6037,6,2023-06,15.96,15.5,15.96,1
6037,6,2023-07,15.96,15.5,15.96,1
6037,6,2023-08,15.96,15.5,15.96,1
6037,6,2023-09,15.96,15.5,15.96,1
6037,6,2023-10,15.96,15.5,15.96,1
6037,6,2023-11,15.96,15.5,15.96,1
6037,6,2023-12,15.96,15.5,15.96,1
6037,6,2024-01,15.96,16.0,16.0,0
6037,6,2024-02,15.96,16.0,16.0,0
6037,6,2024-03,15.96,16.0,16.0,0
6037,6,2024-04,15.96,16.0,16.0,0
6037,6,2024-05,15.96,16.0,16.0,0
6037,6,2024-06,15.96,16.0,16.0,0
6037,6,2024-07,15.96,16.0,16.0,0
6037,6,2024-08,15.96,16.0,16.0,0
6037,6,2024-09,15.96,16.0,16.0,0
6037,6,2024-10,15.96,16.0,16.0,0
6037,6,2024-11,15.96,16.0,16.0,0
6037,6,2024-12,15.96,16.0,16.0,0
6037,6,2025-01,15.96,16.5,16.5,0
6037,6,2025-02,15.96,16.5,16.5,0
6037,6,2025-03,15.96,16.5,16.5,0
6037,6,2025-04,15.96,16.5,16.5,0
6037,6,2025-05,15.96,16.5,16.5,0
6037,6,2025-06,15.96,16.5,16.5,0
6037,6,2025-07,15.96,16.5,16.5,0
6037,6,2025-08,15.96,16.5,16.5,0
6037,6,2025-09,15.96,16.5,16.5,0
6037,6,2025-10,15.96,16.5,16.5,0
6037,6,2025-11,15.96,16.5,16.5,0
6037,6,2025-12,15.96,16.5,16.5,0
6041,6,2020-01,13.0,13.0,13.0,0
6041,6,2020-02,13.0,13.0,13.0,0
6041,6,2020-03,13.0,13.0,13.0,0
6041,6,2020-04,13.0,13.0,13.0,0
6041,6,2020-05,13.0,13.0,13.0,0
6041,6,2020-06,13.0,13.0,13.0,0
6041,6,2020-07,15.0,13.0,15.0,1
6041,6,2020-08,15.0,13.0,15.0,1
6041,6,2020-09,15.0,13.0,15.0,1
6041,6,2020-10,15.0,13.0,15.0,1
6041,6,2020-11,15.0,13.0,15.0,1
6041,6,2020-12,15.0,13.0,15.0,1
6041,6,2021-01,15.24,14.0,15.24,1
6041,6,2021-02,15.24,14.0,15.24,1
6041,6,2021-03,15.24,14.0,15.24,1
6041,6,2021-04,15.24,14.0,15.24,1
6041,6,2021-05,15.24,14.0,15.24,1
6041,6,2021-06,15.24,14.0,15.24,1
6041,6,2021-07,15.24,14.0,15.24,1
6041,6,2021-08,15.24,14.0,15.24,1
6041,6,2021-09,15.24,14.0,15.24,1
6041,6,2021-10,15.24,14.0,15.24,1
6041,6,2021-11,15.24,14.0,15.24,1
6041,6,2021-12,15.24,14.0,15.24,1
6041,6,2022-01,15.77,15.0,15.77,1
6041,6,2022-02,15.77,15.0,15.77,1
6041,6,2022-03,15.77,15.0,15.77,1
6041,6,2022-04,15.77,15.0,15.77,1
6041,6,2022-05,15.77,15.0,15.77,1
6041,6,2022-06,15.77,15.0,15.77,1
6041,6,2022-07,15.77,15.0,15.77,1
6041,6,2022-08,15.77,15.0,15.77,1
6041,6,2022-09,15.77,15.0,15.77,1
6041,6,2022-10,15.77,15.0,15.77,1
6041,6,2022-11,15.77,15.0,15.77,1
6041,6,2022-12,15.77,15.0,15.77,1
6041,6,2023-01,15.77,15.5,15.77,1
6041,6,2023-02,15.77,15.5,15.77,1
6041,6,2023-03,15.77,15.5,15.77,1
6041,6,2023-04,15.77,15.5,15.77,1
6041,6,2023-05,15.77,15.5,15.77,1
6041,6,2023-06,15.77,15.5,15.77,1
6041,6,2023-07,15.77,15.5,15.77,1
6041,6,2023-08,15.77,15.5,15.77,1
6041,6,2023-09,15.77,15.5,15.77,1
6041,6,2023-10,15.77,15.5,15.77,1
6041,6,2023-11,15.77,15.5,15.77,1
6041,6,2023-12,15.77,15.5,15.77,1
6041,6,2024-01,15.77,16.0,16.0,0
6041,6,2024-02,15.77,16.0,16.0,0
6041,6,2024-03,15.77,16.0,16.0,0
6041,6,2024-04,15.77,16.0,16.0,0
6041,6,2024-05,15.77,16.0,16.0,0
6041,6,2024-06,15.77,16.0,16.0,0
6041,6,2024-07,15.77,16.0,16.0,0
6041,6,2024-08,15.77,16.0,16.0,0
6041,6,2024-09,15.77,16.0,16.0,0
6041,6,2024-10,15.77,16.0,16.0,0
6041,6,2024-11,15.77,16.0,16.0,0
6041,6,2024-12,15.77,16.0,16.0,0
6041,6,2025-01,15.77,16.5,16.5,0
6041,6,2025-02,15.77,16.5,16.5,0
6041,6,2025-03,15.77,16.5,16.5,0
6041,6,2025-04,15.77,16.5,16.5,0
6041,6,2025-05,15.77,16.5,16.5,0
6041,6,2025-06,15.77,16.5,16.5,0
6041,6,2025-07,15.77,16.5,16.5,0
6041,6,2025-08,15.77,16.5,16.5,0
6041,6,2025-09,15.77,16.5,16.5,0
6041,6,2025-10,15.77,16.5,16.5,0
6041,6,2025-11,15.77,16.5,16.5,0
6041,6,2025-12,15.77,16.5,16.5,0
6073,6,2015-01,9.75,9.0,9.75,1
6073,6,2015-02,9.75,9.0,9.75,1
6073,6,2015-03,9.75,9.0,9.75,1
6073,6,2015-04,9.75,9.0,9.75,1
6073,6,2015-05,9.75,9.0,9.75,1
6073,6,2015-06,9.75,9.0,9.75,1
6073,6,2015-07,9.75,9.0,9.75,1
6073,6,2015-08,9.75,9.0,9.75,1
6073,6,2015-09,9.75,9.0,9.75,1
6073,6,2015-10,9.75,9.0,9.75,1
6073,6,2015-11,9.75,9.0,9.75,1
6073,6,2015-12,9.75,9.0,9.75,1
6073,6,2016-01,10.5,10.0,10.5,1
6073,6,2016-02,10.5,10.0,10.5,1
6073,6,2016-03,10.5,10.0,10.5,1
6073,6,2016-04,10.5,10.0,10.5,1
6073,6,2016-05,10.5,10.0,10.5,1
6073,6,2016-06,10.5,10.0,10.5,1
6073,6,2016-07,10.5,10.0,10.5,1
6073,6,2016-08,10.5,10.0,10.5,1
6073,6,2016-09,10.5,10.0,10.5,1
6073,6,2016-10,10.5,10.0,10.5,1
6073,6,2016-11,10.5,10.0,10.5,1
6073,6,2016-12,10.5,10.0,10.5,1
6073,6,2017-01,11.5,10.5,11.5,1
6073,6,2017-02,11.5,10.5,11.5,1
6073,6,2017-03,11.5,10.5,11.5,1
6073,6,2017-04,11.5,10.5,11.5,1
6073,6,2017-05,11.5,10.5,11.5,1
6073,6,2017-06,11.5,10.5,11.5,1
6073,6,2017-07,11.5,10.5,11.5,1
6073,6,2017-08,11.5,10.5,11.5,1
6073,6,2017-09,11.5,10.5,11.5,1
6073,6,2017-10,11.5,10.5,11.5,1
6073,6,2017-11,11.5,10.5,11.5,1
6073,6,2017-12,11.5,10.5,11.5,1
6073,6,2018-01,11.5,11.0,11.5,1
6073,6,2018-02,11.5,11.0,11.5,1
6073,6,2018-03,11.5,11.0,11.5,1
6073,6,2018-04,11.5,11.0,11.5,1
6073,6,2018-05,11.5,11.0,11.5,1
6073,6,2018-06,11.5,11.0,11.5,1
6073,6,2018-07,11.5,11.0,11.5,1
6073,6,2018-08,11.5,11.0,11.5,1
6073,6,2018-09,11.5,11.0,11.5,1
6073,6,2018-10,11.5,11.0,11.5,1
6073,6,2018-11,11.5,11.0,11.5,1
6073,6,2018-12,11.5,11.0,11.5,1
6073,6,2019-01,12.0,12.0,12.0,0
6073,6,2019-02,12.0,12.0,12.0,0
6073,6,2019-03,12.0,12.0,12.0,0
6073,6,2019-04,12.0,12.0,12.0,0
6073,6,2019-05,12.0,12.0,12.0,0
6073,6,2019-06,12.0,12.0,12.0,0
6073,6,2019-07,12.0,12.0,12.0,0
6073,6,2019-08,12.0,12.0,12.0,0
6073,6,2019-09,12.0,12.0,12.0,0
6073,6,2019-10,12.0,12.0,12.0,0
6073,6,2019-11,12.0,12.0,12.0,0
6073,6,2019-12,12.0,12.0,12.0,0
6073,6,2020-01,13.0,13.0,13.0,0
6073,6,2020-02,13.0,13.0,13.0,0
6073,6,2020-03,13.0,13.0,13.0,0
6073,6,2020-04,13.0,13.0,13.0,0
6073,6,2020-05,13.0,13.0,13.0,0
6073,6,2020-06,13.0,13.0,13.0,0
6073,6,2020-07,13.0,13.0,13.0,0
6073,6,2020-08,13.0,13.0,13.0,0
6073,6,2020-09,13.0,13.0,13.0,0
6073,6,2020-10,13.0,13.0,13.0,0
6073,6,2020-11,13.0,13.0,13.0,0
6073,6,2020-12,13.0,13.0,13.0,0
6073,6,2021-01,14.0,14.0,14.0,0
6073,6,2021-02,14.0,14.0,14.0,0
6073,6,2021-03,14.0,14.0,14.0,0
6073,6,2021-04,14.0,14.0,14.0,0
6073,6,2021-05,14.0,14.0,14.0,0
6073,6,2021-06,14.0,14.0,14.0,0
6073,6,2021-07,14.0,14.0,14.0,0
6073,6,2021-08,14.0,14.0,14.0,0
6073,6,2021-09,14.0,14.0,14.0,0
6073,6,2021-10,14.0,14.0,14.0,0
6073,6,2021-11,14.0,14.0,14.0,0
6073,6,2021-12,14.0,14.0,14.0,0
6073,6,2022-01,15.0,15.0,15.0,0
6073,6,2022-02,15.0,15.0,15.0,0
6073,6,2022-03,15.0,15.0,15.0,0
6073,6,2022-04,15.0,15.0,15.0,0
6073,6,2022-05,15.0,15.0,15.0,0
6073,6,2022-06,15.0,15.0,15.0,0
6073,6,2022-07,15.0,15.0,15.0,0
6073,6,2022-08,15.0,15.0,15.0,0
6073,6,2022-09,15.0,15.0,15.0,0
6073,6,2022-10,15.0,15.0,15.0,0
6073,6,2022-11,15.0,15.0,15.0,0
6073,6,2022-12,15.0,15.0,15.0,0
6073,6,2023-01,15.0,15.5,15.5,0
6073,6,2023-02,15.0,15.5,15.5,0
6073,6,2023-03,15.0,15.5,15.5,0
6073,6,2023-04,15.0,15.5,15.5,0
6073,6,2023-05,15.0,15.5,15.5,0
6073,6,2023-06,15.0,15.5,15.5,0
6073,6,2023-07,15.0,15.5,15.5,0
6073,6,2023-08,15.0,15.5,15.5,0
6073,6,2023-09,15.0,15.5,15.5,0
6073,6,2023-10,15.0,15.5,15.5,0
6073,6,2023-11,15.0,15.5,15.5,0
6073,6,2023-12,15.0,15.5,15.5,0
6073,6,2024-01,15.0,16.0,16.0,0
6073,6,2024-02,15.0,16.0,16.0,0
6073,6,2024-03,15.0,16.0,16.0,0
6073,6,2024-04,15.0,16.0,16.0,0
6073,6,2024-05,15.0,16.0,16.0,0
6073,6,2024-06,15.0,16.0,16.0,0
6073,6,2024-07,15.0,16.0,16.0,0
6073,6,2024-08,15.0,16.0,16.0,0
6073,6,2024-09,15.0,16.0,16.0,0
6073,6,2024-10,15.0,16.0,16.0,0
6073,6,2024-11,15.0,16.0,16.0,0
6073,6,2024-12,15.0,16.0,16.0,0
6073,6,2025-01,15.0,16.5,16.5,0
6073,6,2025-02,15.0,16.5,16.5,0
6073,6,2025-03,15.0,16.5,16.5,0
6073,6,2025-04,15.0,16.5,16.5,0
6073,6,2025-05,15.0,16.5,16.5,0
6073,6,2025-06,15.0,16.5,16.5,0
6073,6,2025-07,15.0,16.5,16.5,0
6073,6,2025-08,15.0,16.5,16.5,0
6073,6,2025-09,15.0,16.5,16.5,0
6073,6,2025-10,15.0,16.5,16.5,0
6073,6,2025-11,15.0,16.5,16.5,0
6073,6,2025-12,15.0,16.5,16.5,0
6075,6,2004-03,8.5,6.75,8.5,1
6075,6,2004-04,8.5,6.75,8.5,1
6075,6,2004-05,8.5,6.75,8.5,1
6075,6,2004-06,8.5,6.75,8.5,1
6075,6,2004-07,8.5,6.75,8.5,1
6075,6,2004-08,8.5,6.75,8.5,1
6075,6,2004-09,8.5,6.75,8.5,1
6075,6,2004-10,8.5,6.75,8.5,1
6075,6,2004-11,8.5,6.75,8.5,1
6075,6,2004-12,8.5,6.75,8.5,1
6075,6,2005-01,8.62,6.75,8.62,1
6075,6,2005-02,8.62,6.75,8.62,1
6075,6,2005-03,8.62,6.75,8.62,1
6075,6,2005-04,8.62,6.75,8.62,1
6075,6,2005-05,8.62,6.75,8.62,1
6075,6,2005-06,8.62,6.75,8.62,1
6075,6,2005-07,8.62,6.75,8.62,1
6075,6,2005-08,8.62,6.75,8.62,1
6075,6,2005-09,8.62,6.75,8.62,1
6075,6,2005-10,8.62,6.75,8.62,1
6075,6,2005-11,8.62,6.75,8.62,1
6075,6,2005-12,8.62,6.75,8.62,1
6075,6,2006-01,8.82,6.75,8.82,1
6075,6,2006-02,8.82,6.75,8.82,1
6075,6,2006-03,8.82,6.75,8.82,1
6075,6,2006-04,8.82,6.75,8.82,1
6075,6,2006-05,8.82,6.75,8.82,1
6075,6,2006-06,8.82,6.75,8.82,1
6075,6,2006-07,8.82,6.75,8.82,1
6075,6,2006-08,8.82,6.75,8.82,1
6075,6,2006-09,8.82,6.75,8.82,1
6075,6,2006-10,8.82,6.75,8.82,1
6075,6,2006-11,8.82,6.75,8.82,1
6075,6,2006-12,8.82,6.75,8.82,1
6075,6,2007-01,9.14,7.5,9.14,1
6075,6,2007-02,9.14,7.5,9.14,1
6075,6,2007-03,9.14,7.5,9.14,1
6075,6,2007-04,9.14,7.5,9.14,1
6075,6,2007-05,9.14,7.5,9.14,1
6075,6,2007-06,9.14,7.5,9.14,1
6075,6,2007-07,9.14,7.5,9.14,1
6075,6,2007-08,9.14,7.5,9.14,1
6075,6,2007-09,9.14,7.5,9.14,1
6075,6,2007-10,9.14,7.5,9.14,1
6075,6,2007-11,9.14,7.5,9.14,1
6075,6,2007-12,9.14,7.5,9.14,1
6075,6,2008-01,9.36,8.0,9.36,1
6075,6,2008-02,9.36,8.0,9.36,1
6075,6,2008-03,9.36,8.0,9.36,1
6075,6,2008-04,9.36,8.0,9.36,1
6075,6,2008-05,9.36,8.0,9.36,1
6075,6,2008-06,9.36,8.0,9.36,1
6075,6,2008-07,9.36,8.0,9.36,1
6075,6,2008-08,9.36,8.0,9.36,1
6075,6,2008-09,9.36,8.0,9.36,1
6075,6,2008-10,9.36,8.0,9.36,1
6075,6,2008-11,9.36,8.0,9.36,1
6075,6,2008-12,9.36,8.0,9.36,1
6075,6,2009-01,9.79,8.0,9.79,1
6075,6,2009-02,9.79,8.0,9.79,1
6075,6,2009-03,9.79,8.0,9.79,1
6075,6,2009-04,9.79,8.0,9.79,1
6075,6,2009-05,9.79,8.0,9.79,1
6075,6,2009-06,9.79,8.0,9.79,1
6075,6,2009-07,9.79,8.0,9.79,1
6075,6,2009-08,9.79,8.0,9.79,1
6075,6,2009-09,9.79,8.0,9.79,1
6075,6,2009-10,9.79,8.0,9.79,1
6075,6,2009-11,9.79,8.0,9.79,1
6075,6,2009-12,9.79,8.0,9.79,1
6075,6,2010-01,9.79,8.0,9.79,1
6075,6,2010-02,9.79,8.0,9.79,1
6075,6,2010-03,9.79,8.0,9.79,1
6075,6,2010-04,9.79,8.0,9.79,1
6075,6,2010-05,9.79,8.0,9.79,1
6075,6,2010-06,9.79,8.0,9.79,1
6075,6,2010-07,9.79,8.0,9.79,1
6075,6,2010-08,9.79,8.0,9.79,1
6075,6,2010-09,9.79,8.0,9.79,1
6075,6,2010-10,9.79,8.0,9.79,1
6075,6,2010-11,9.79,8.0,9.79,1
6075,6,2010-12,9.79,8.0,9.79,1
6075,6,2011-01,9.92,8.0,9.92,1
6075,6,2011-02,9.92,8.0,9.92,1
6075,6,2011-03,9.92,8.0,9.92,1
6075,6,2011-04,9.92,8.0,9.92,1
6075,6,2011-05,9.92,8.0,9.92,1
6075,6,2011-06,9.92,8.0,9.92,1
6075,6,2011-07,9.92,8.0,9.92,1
6075,6,2011-08,9.92,8.0,9.92,1
6075,6,2011-09,9.92,8.0,9.92,1
6075,6,2011-10,9.92,8.0,9.92,1
6075,6,2011-11,9.92,8.0,9.92,1
6075,6,2011-12,9.92,8.0,9.92,1
6075,6,2012-01,10.24,8.0,10.24,1
6075,6,2012-02,10.24,8.0,10.24,1
6075,6,2012-03,10.24,8.0,10.24,1
6075,6,2012-04,10.24,8.0,10.24,1
6075,6,2012-05,10.24,8.0,10.24,1
6075,6,2012-06,10.24,8.0,10.24,1
6075,6,2012-07,10.24,8.0,10.24,1
6075,6,2012-08,10.24,8.0,10.24,1
6075,6,2012-09,10.24,8.0,10.24,1
6075,6,2012-10,10.24,8.0,10.24,1
6075,6,2012-11,10.24,8.0,10.24,1
6075,6,2012-12,10.24,8.0,10.24,1
6075,6,2013-01,10.55,8.0,10.55,1
6075,6,2013-02,10.55,8.0,10.55,1
6075,6,2013-03,10.55,8.0,10.55,1
6075,6,2013-04,10.55,8.0,10.55,1
6075,6,2013-05,10.55,8.0,10.55,1
6075,6,2013-06,10.55,8.0,10.55,1
6075,6,2013-07,10.55,8.0,10.55,1
6075,6,2013-08,10.55,8.0,10.55,1
6075,6,2013-09,10.55,8.0,10.55,1
6075,6,2013-10,10.55,8.0,10.55,1
6075,6,2013-11,10.55,8.0,10.55,1
6075,6,2013-12,10.55,8.0,10.55,1
6075,6,2014-01,10.74,8.0,10.74,1
6075,6,2014-02,10.74,8.0,10.74,1
6075,6,2014-03,10.74,8.0,10.74,1
6075,6,2014-04,10.74,8.0,10.74,1
6075,6,2014-05,10.74,8.0,10.74,1
6075,6,2014-06,10.74,8.0,10.74,1
6075,6,2014-07,10.74,9.0,10.74,1
6075,6,2014-08,10.74,9.0,10.74,1
6075,6,2014-09,10.74,9.0,10.74,1
6075,6,2014-10,10.74,9.0,10.74,1
6075,6,2014-11,10.74,9.0,10.74,1
6075,6,2014-12,10.74,9.0,10.74,1
6075,6,2015-01,11.05,9.0,11.05,1
6075,6,2015-02,11.05,9.0,11.05,1
6075,6,2015-03,11.05,9.0,11.05,1
6075,6,2015-04,11.05,9.0,11.05,1
6075,6,2015-05,12.25,9.0,12.25,1
6075,6,2015-06,12.25,9.0,12.25,1
6075,6,2015-07,12.25,9.0,12.25,1
6075,6,2015-08,12.25,9.0,12.25,1
6075,6,2015-09,12.25,9.0,12.25,1
6075,6,2015-10,12.25,9.0,12.25,1
6075,6,2015-11,12.25,9.0,12.25,1
6075,6,2015-12,12.25,9.0,12.25,1
6075,6,2016-01,12.25,10.0,12.25,1
6075,6,2016-02,12.25,10.0,12.25,1
6075,6,2016-03,12.25,10.0,12.25,1
6075,6,2016-04,12.25,10.0,12.25,1
6075,6,2016-05,12.25,10.0,12.25,1
6075,6,2016-06,12.25,10.0,12.25,1
6075,6,2016-07,13.0,10.0,13.0,1
6075,6,2016-08,13.0,10.0,13.0,1
6075,6,2016-09,13.0,10.0,13.0,1
6075,6,2016-10,13.0,10.0,13.0,1
6075,6,2016-11,13.0,10.0,13.0,1
6075,6,2016-12,13.0,10.0,13.0,1
6075,6,2017-01,13.0,10.5,13.0,1
6075,6,2017-02,13.0,10.5,13.0,1
6075,6,2017-03,13.0,10.5,13.0,1
6075,6,2017-04,13.0,10.5,13.0,1
6075,6,2017-05,13.0,10.5,13.0,1
6075,6,2017-06,13.0,10.5,13.0,1
6075,6,2017-07,14.0,10.5,14.0,1
6075,6,2017-08,14.0,10.5,14.0,1
6075,6,2017-09,14.0,10.5,14.0,1
6075,6,2017-10,14.0,10.5,14.0,1
6075,6,2017-11,14.0,10.5,14.0,1
6075,6,2017-12,14.0,10.5,14.0,1
6075,6,2018-01,14.0,11.0,14.0,1
6075,6,2018-02,14.0,11.0,14.0,1
6075,6,2018-03,14.0,11.0,14.0,1
6075,6,2018-04,14.0,11.0,14.0,1
6075,6,2018-05,14.0,11.0,14.0,1
6075,6,2018-06,14.0,11.0,14.0,1
6075,6,2018-07,15.0,11.0,15.0,1
6075,6,2018-08,15.0,11.0,15.0,1
6075,6,2018-09,15.0,11.0,15.0,1
6075,6,2018-10,15.0,11.0,15.0,1
6075,6,2018-11,15.0,11.0,15.0,1
6075,6,2018-12,15.0,11.0,15.0,1
6075,6,2019-01,15.0,12.0,15.0,1
6075,6,2019-02,15.0,12.0,15.0,1
6075,6,2019-03,15.0,12.0,15.0,1
6075,6,2019-04,15.0,12.0,15.0,1
6075,6,2019-05,15.0,12.0,15.0,1
6075,6,2019-06,15.0,12.0,15.0,1
6075,6,2019-07,15.59,12.0,15.59,1
6075,6,2019-08,15.59,12.0,15.59,1
6075,6,2019-09,15.59,12.0,15.59,1
6075,6,2019-10,15.59,12.0,15.59,1
6075,6,2019-11,15.59,12.0,15.59,1
6075,6,2019-12,15.59,12.0,15.59,1
6075,6,2020-01,15.59,13.0,15.59,1
6075,6,2020-02,15.59,13.0,15.59,1
6075,6,2020-03,15.59,13.0,15.59,1
6075,6,2020-04,15.59,13.0,15.59,1
6075,6,2020-05,15.59,13.0,15.59,1
6075,6,2020-06,15.59,13.0,15.59,1
6075,6,2020-07,16.07,13.0,16.07,1
6075,6,2020-08,16.07,13.0,16.07,1
6075,6,2020-09,16.07,13.0,16.07,1
6075,6,2020-10,16.07,13.0,16.07,1
6075,6,2020-11,16.07,13.0,16.07,1
6075,6,2020-12,16.07,13.0,16.07,1
6075,6,2021-01,16.07,14.0,16.07,1
6075,6,2021-02,16.07,14.0,16.07,1
6075,6,2021-03,16.07,14.0,16.07,1
6075,6,2021-04,16.07,14.0,16.07,1
6075,6,2021-05,16.07,14.0,16.07,1
6075,6,2021-06,16.07,14.0,16.07,1
6075,6,2021-07,16.32,14.0,16.32,1
6075,6,2021-08,16.32,14.0,16.32,1
6075,6,2021-09,16.32,14.0,16.32,1
6075,6,2021-10,16.32,14.0,16.32,1
6075,6,2021-11,16.32,14.0,16.32,1
6075,6,2021-12,16.32,14.0,16.32,1
6075,6,2022-01,16.32,15.0,16.32,1
6075,6,2022-02,16.32,15.0,16.32,1
6075,6,2022-03,16.32,15.0,16.32,1
6075,6,2022-04,16.32,15.0,16.32,1
6075,6,2022-05,16.32,15.0,16.32,1
6075,6,2022-06,16.32,15.0,16.32,1
6075,6,2022-07,16.99,15.0,16.99,1
6075,6,2022-08,16.99,15.0,16.99,1
6075,6,2022-09,16.99,15.0,16.99,1
6075,6,2022-10,16.99,15.0,16.99,1
6075,6,2022-11,16.99,15.0,16.99,1
6075,6,2022-12,16.99,15.0,16.99,1
6075,6,2023-01,16.99,15.5,16.99,1
6075,6,2023-02,16.99,15.5,16.99,1
6075,6,2023-03,16.99,15.5,16.99,1
6075,6,2023-04,16.99,15.5,16.99,1
6075,6,2023-05,16.99,15.5,16.99,1
6075,6,2023-06,16.99,15.5,16.99,1
6075,6,2023-07,16.99,15.5,16.99,1
6075,6,2023-08,16.99,15.5,16.99,1
6075,6,2023-09,16.99,15.5,16.99,1
6075,6,2023-10,16.99,15.5,16.99,1
6075,6,2023-11,16.99,15.5,16.99,1
6075,6,2023-12,16.99,15.5,16.99,1
6075,6,2024-01,16.99,16.0,16.99,1
6075,6,2024-02,16.99,16.0,16.99,1
6075,6,2024-03,16.99,16.0,16.99,1
6075,6,2024-04,16.99,16.0,16.99,1
6075,6,2024-05,16.99,16.0,16.99,1
6075,6,2024-06,16.99,16.0,16.99,1
6075,6,2024-07,16.99,16.0,16.99,1
6075,6,2024-08,16.99,16.0,16.99,1
6075,6,2024-09,16.99,16.0,16.99,1
6075,6,2024-10,16.99,16.0,16.99,1
6075,6,2024-11,16.99,16.0,16.99,1
6075,6,2024-12,16.99,16.0,16.99,1
6075,6,2025-01,16.99,16.5,16.99,1
6075,6,2025-02,16.99,16.5,16.99,1
6075,6,2025-03,16.99,16.5,16.99,1
6075,6,2025-04,16.99,16.5,16.99,1
6075,6,2025-05,16.99,16.5,16.99,1
6075,6,2025-06,16.99,16.5,16.99,1
6075,6,2025-07,16.99,16.5,16.99,1
6075,6,2025-08,16.99,16.5,16.99,1
6075,6,2025-09,16.99,16.5,16.99,1
6075,6,2025-10,16.99,16.5,16.99,1
6075,6,2025-11,16.99,16.5,16.99,1
6075,6,2025-12,16.99,16.5,16.99,1
6081,6,2017-01,12.0,10.5,12.0,1
6081,6,2017-02,12.0,10.5,12.0,1
6081,6,2017-03,12.0,10.5,12.0,1
6081,6,2017-04,12.0,10.5,12.0,1
6081,6,2017-05,12.0,10.5,12.0,1
6081,6,2017-06,12.0,10.5,12.0,1
6081,6,2017-07,12.0,10.5,12.0,1
6081,6,2017-08,12.0,10.5,12.0,1
6081,6,2017-09,12.0,10.5,12.0,1
6081,6,2017-10,12.0,10.5,12.0,1
6081,6,2017-11,12.0,10.5,12.0,1
6081,6,2017-12,12.0,10.5,12.0,1
6081,6,2018-01,13.5,11.0,13.5,1
6081,6,2018-02,13.5,11.0,13.5,1
6081,6,2018-03,13.5,11.0,13.5,1
6081,6,2018-04,13.5,11.0,13.5,1
6081,6,2018-05,13.5,11.0,13.5,1
6081,6,2018-06,13.5,11.0,13.5,1
6081,6,2018-07,13.5,11.0,13.5,1
6081,6,2018-08,13.5,11.0,13.5,1
6081,6,2018-09,13.5,11.0,13.5,1
6081,6,2018-10,13.5,11.0,13.5,1
6081,6,2018-11,13.5,11.0,13.5,1
6081,6,2018-12,13.5,11.0,13.5,1
6081,6,2019-01,15.0,12.0,15.0,1
6081,6,2019-02,15.0,12.0,15.0,1
6081,6,2019-03,15.0,12.0,15.0,1
6081,6,2019-04,15.0,12.0,15.0,1
6081,6,2019-05,15.0,12.0,15.0,1
6081,6,2019-06,15.0,12.0,15.0,1
6081,6,2019-07,15.0,12.0,15.0,1
6081,6,2019-08,15.0,12.0,15.0,1
6081,6,2019-09,15.0,12.0,15.0,1
6081,6,2019-10,15.0,12.0,15.0,1
6081,6,2019-11,15.0,12.0,15.0,1
6081,6,2019-12,15.0,12.0,15.0,1
6081,6,2020-01,15.38,13.0,15.38,1
6081,6,2020-02,15.38,13.0,15.38,1
6081,6,2020-03,15.38,13.0,15.38,1
6081,6,2020-04,15.38,13.0,15.38,1
6081,6,2020-05,15.38,13.0,15.38,1
6081,6,2020-06,15.38,13.0,15.38,1
6081,6,2020-07,15.38,13.0,15.38,1
6081,6,2020-08,15.38,13.0,15.38,1
6081,6,2020-09,15.38,13.0,15.38,1
6081,6,2020-10,15.38,13.0,15.38,1
6081,6,2020-11,15.38,13.0,15.38,1
6081,6,2020-12,15.38,13.0,15.38,1
6081,6,2021-01,15.62,14.0,15.62,1
6081,6,2021-02,15.62,14.0,15.62,1
6081,6,2021-03,15.62,14.0,15.62,1
6081,6,2021-04,15.62,14.0,15.62,1
6081,6,2021-05,15.62,14.0,15.62,1
6081,6,2021-06,15.62,14.0,15.62,1
6081,6,2021-07,15.62,14.0,15.62,1
6081,6,2021-08,15.62,14.0,15.62,1
6081,6,2021-09,15.62,14.0,15.62,1
6081,6,2021-10,15.62,14.0,15.62,1
6081,6,2021-11,15.62,14.0,15.62,1
6081,6,2021-12,15.62,14.0,15.62,1
6081,6,2022-01,16.2,15.0,16.2,1
6081,6,2022-02,16.2,15.0,16.2,1
6081,6,2022-03,16.2,15.0,16.2,1
6081,6,2022-04,16.2,15.0,16.2,1
6081,6,2022-05,16.2,15.0,16.2,1
6081,6,2022-06,16.2,15.0,16.2,1
6081,6,2022-07,16.2,15.0,16.2,1
6081,6,2022-08,16.2,15.0,16.2,1
6081,6,2022-09,16.2,15.0,16.2,1
6081,6,2022-10,16.2,15.0,16.2,1
6081,6,2022-11,16.2,15.0,16.2,1
6081,6,2022-12,16.2,15.0,16.2,1
6081,6,2023-01,16.2,15.5,16.2,1
6081,6,2023-02,16.2,15.5,16.2,1
6081,6,2023-03,16.2,15.5,16.2,1
6081,6,2023-04,16.2,15.5,16.2,1
6081,6,2023-05,16.2,15.5,16.2,1
6081,6,2023-06,16.2,15.5,16.2,1
6081,6,2023-07,16.2,15.5,16.2,1
6081,6,2023-08,16.2,15.5,16.2,1
6081,6,2023-09,16.2,15.5,16.2,1
6081,6,2023-10,16.2,15.5,16.2,1
6081,6,2023-11,16.2,15.5,16.2,1
6081,6,2023-12,16.2,15.5,16.2,1
6081,6,2024-01,16.2,16.0,16.2,1
6081,6,2024-02,16.2,16.0,16.2,1
6081,6,2024-03,16.2,16.0,16.2,1
6081,6,2024-04,16.2,16.0,16.2,1
6081,6,2024-05,16.2,16.0,16.2,1
6081,6,2024-06,16.2,16.0,16.2,1
6081,6,2024-07,16.2,16.0,16.2,1
6081,6,2024-08,16.2,16.0,16.2,1
6081,6,2024-09,16.2,16.0,16.2,1
6081,6,2024-10,16.2,16.0,16.2,1
6081,6,2024-11,16.2,16.0,16.2,1
6081,6,2024-12,16.2,16.0,16.2,1
6081,6,2025-01,16.2,16.5,16.5,0
6081,6,2025-02,16.2,16.5,16.5,0
6081,6,2025-03,16.2,16.5,16.5,0
6081,6,2025-04,16.2,16.5,16.5,0
6081,6,2025-05,16.2,16.5,16.5,0
6081,6,2025-06,16.2,16.5,16.5,0
6081,6,2025-07,16.2,16.5,16.5,0
6081,6,2025-08,16.2,16.5,16.5,0
6081,6,2025-09,16.2,16.5,16.5,0
6081,6,2025-10,16.2,16.5,16.5,0
6081,6,2025-11,16.2,16.5,16.5,0
6081,6,2025-12,16.2,16.5,16.5,0
6085,6,2013-04,10.0,8.0,10.0,1
6085,6,2013-05,10.0,8.0,10.0,1
6085,6,2013-06,10.0,8.0,10.0,1
6085,6,2013-07,10.0,8.0,10.0,1
6085,6,2013-08,10.0,8.0,10.0,1
6085,6,2013-09,10.0,8.0,10.0,1
6085,6,2013-10,10.0,8.0,10.0,1
6085,6,2013-11,10.0,8.0,10.0,1
6085,6,2013-12,10.0,8.0,10.0,1
6085,6,2014-01,10.15,8.0,10.15,1
6085,6,2014-02,10.15,8.0,10.15,1
6085,6,2014-03,10.15,8.0,10.15,1
6085,6,2014-04,10.15,8.0,10.15,1
6085,6,2014-05,10.15,8.0,10.15,1
6085,6,2014-06,10.15,8.0,10.15,1
6085,6,2014-07,10.15,9.0,10.15,1
6085,6,2014-08,10.15,9.0,10.15,1
6085,6,2014-09,10.15,9.0,10.15,1
6085,6,2014-10,10.15,9.0,10.15,1
6085,6,2014-11,10.15,9.0,10.15,1
6085,6,2014-12,10.15,9.0,10.15,1
6085,6,2015-01,10.3,9.0,10.3,1
6085,6,2015-02,10.3,9.0,10.3,1
6085,6,2015-03,10.3,9.0,10.3,1
6085,6,2015-04,10.3,9.0,10.3,1
6085,6,2015-05,10.3,9.0,10.3,1
6085,6,2015-06,10.3,9.0,10.3,1
6085,6,2015-07,10.3,9.0,10.3,1
6085,6,2015-08,10.3,9.0,10.3,1
6085,6,2015-09,10.3,9.0,10.3,1
6085,6,2015-10,10.3,9.0,10.3,1
6085,6,2015-11,10.3,9.0,10.3,1
6085,6,2015-12,10.3,9.0,10.3,1
6085,6,2016-01,10.3,10.0,10.3,1
6085,6,2016-02,10.3,10.0,10.3,1
6085,6,2016-03,10.3,10.0,10.3,1
6085,6,2016-04,10.3,10.0,10.3,1
6085,6,2016-05,10.3,10.0,10.3,1
6085,6,2016-06,10.3,10.0,10.3,1
6085,6,2016-07,10.3,10.0,10.3,1
6085,6,2016-08,10.3,10.0,10.3,1
6085,6,2016-09,10.3,10.0,10.3,1
6085,6,2016-10,10.3,10.0,10.3,1
6085,6,2016-11,10.3,10.0,10.3,1
6085,6,2016-12,10.3,10.0,10.3,1
6085,6,2017-01,10.5,10.5,10.5,0
6085,6,2017-02,10.5,10.5,10.5,0
6085,6,2017-03,10.5,10.5,10.5,0
6085,6,2017-04,10.5,10.5,10.5,0
6085,6,2017-05,10.5,10.5,10.5,0
6085,6,2017-06,10.5,10.5,10.5,0
6085,6,2017-07,12.0,10.5,12.0,1
6085,6,2017-08,12.0,10.5,12.0,1
6085,6,2017-09,12.0,10.5,12.0,1
6085,6,2017-10,12.0,10.5,12.0,1
6085,6,2017-11,12.0,10.5,12.0,1
6085,6,2017-12,12.0,10.5,12.0,1
6085,6,2018-01,13.5,11.0,13.5,1
6085,6,2018-02,13.5,11.0,13.5,1
6085,6,2018-03,13.5,11.0,13.5,1
6085,6,2018-04,13.5,11.0,13.5,1
6085,6,2018-05,13.5,11.0,13.5,1
6085,6,2018-06,13.5,11.0,13.5,1
6085,6,2018-07,13.5,11.0,13.5,1
6085,6,2018-08,13.5,11.0,13.5,1
6085,6,2018-09,13.5,11.0,13.5,1
6085,6,2018-10,13.5,11.0,13.5,1
6085,6,2018-11,13.5,11.0,13.5,1
6085,6,2018-12,13.5,11.0,13.5,1
6085,6,2019-01,15.0,12.0,15.0,1
6085,6,2019-02,15.0,12.0,15.0,1
6085,6,2019-03,15.0,12.0,15.0,1
6085,6,2019-04,15.0,12.0,15.0,1
6085,6,2019-05,15.0,12.0,15.0,1
6085,6,2019-06,15.0,12.0,15.0,1
6085,6,2019-07,15.0,12.0,15.0,1
6085,6,2019-08,15.0,12.0,15.0,1
6085,6,2019-09,15.0,12.0,15.0,1
6085,6,2019-10,15.0,12.0,15.0,1
6085,6,2019-11,15.0,12.0,15.0,1
6085,6,2019-12,15.0,12.0,15.0,1
6085,6,2020-01,15.25,13.0,15.25,1
6085,6,2020-02,15.25,13.0,15.25,1
6085,6,2020-03,15.25,13.0,15.25,1
6085,6,2020-04,15.25,13.0,15.25,1
6085,6,2020-05,15.25,13.0,15.25,1
6085,6,2020-06,15.25,13.0,15.25,1
6085,6,2020-07,15.25,13.0,15.25,1
6085,6,2020-08,15.25,13.0,15.25,1
6085,6,2020-09,15.25,13.0,15.25,1
6085,6,2020-10,15.25,13.0,15.25,1
6085,6,2020-11,15.25,13.0,15.25,1
6085,6,2020-12,15.25,13.0,15.25,1
6085,6,2021-01,15.45,14.0,15.45,1
6085,6,2021-02,15.45,14.0,15.45,1
6085,6,2021-03,15.45,14.0,15.45,1
6085,6,2021-04,15.45,14.0,15.45,1
6085,6,2021-05,15.45,14.0,15.45,1
6085,6,2021-06,15.45,14.0,15.45,1
6085,6,2021-07,15.45,14.0,15.45,1
6085,6,2021-08,15.45,14.0,15.45,1
6085,6,2021-09,15.45,14.0,15.45,1
6085,6,2021-10,15.45,14.0,15.45,1
6085,6,2021-11,15.45,14.0,15.45,1
6085,6,2021-12,15.45,14.0,15.45,1
6085,6,2022-01,16.2,15.0,16.2,1
6085,6,2022-02,16.2,15.0,16.2,1
6085,6,2022-03,16.2,15.0,16.2,1
6085,6,2022-04,16.2,15.0,16.2,1
6085,6,2022-05,16.2,15.0,16.2,1
6085,6,2022-06,16.2,15.0,16.2,1
6085,6,2022-07,16.2,15.0,16.2,1
6085,6,2022-08,16.2,15.0,16.2,1
6085,6,2022-09,16.2,15.0,16.2,1
6085,6,2022-10,16.2,15.0,16.2,1
6085,6,2022-11,16.2,15.0,16.2,1
6085,6,2022-12,16.2,15.0,16.2,1
6085,6,2023-01,16.2,15.5,16.2,1
6085,6,2023-02,16.2,15.5,16.2,1
6085,6,2023-03,16.2,15.5,16.2,1
6085,6,2023-04,16.2,15.5,16.2,1
6085,6,2023-05,16.2,15.5,16.2,1
6085,6,2023-06,16.2,15.5,16.2,1
6085,6,2023-07,16.2,15.5,16.2,1
6085,6,2023-08,16.2,15.5,16.2,1
6085,6,2023-09,16.2,15.5,16.2,1
6085,6,2023-10,16.2,15.5,16.2,1
6085,6,2023-11,16.2,15.5,16.2,1
6085,6,2023-12,16.2,15.5,16.2,1
6085,6,2024-01,16.2,16.0,16.2,1
6085,6,2024-02,16.2,16.0,16.2,1
6085,6,2024-03,16.2,16.0,16.2,1
6085,6,2024-04,16.2,16.0,16.2,1
6085,6,2024-05,16.2,16.0,16.2,1
6085,6,2024-06,16.2,16.0,16.2,1
6085,6,2024-07,16.2,16.0,16.2,1
6085,6,2024-08,16.2,16.0,16.2,1
6085,6,2024-09,16.2,16.0,16.2,1
6085,6,2024-10,16.2,16.0,16.2,1
6085,6,2024-11,16.2,16.0,16.2,1
6085,6,2024-12,16.2,16.0,16.2,1
6085,6,2025-01,16.2,16.5,16.5,0
6085,6,2025-02,16.2,16.5,16.5,0
6085,6,2025-03,16.2,16.5,16.5,0
6085,6,2025-04,16.2,16.5,16.5,0
6085,6,2025-05,16.2,16.5,16.5,0
6085,6,2025-06,16.2,16.5,16.5,0
6085,6,2025-07,16.2,16.5,16.5,0
6085,6,2025-08,16.2,16.5,16.5,0
6085,6,2025-09,16.2,16.5,16.5,0
6085,6,2025-10,16.2,16.5,16.5,0
6085,6,2025-11,16.2,16.5,16.5,0
6085,6,2025-12,16.2,16.5,16.5,0
6097,6,2020-07,15.0,13.0,15.0,1
6097,6,2020-08,15.0,13.0,15.0,1
6097,6,2020-09,15.0,13.0,15.0,1
6097,6,2020-10,15.0,13.0,15.0,1
6097,6,2020-11,15.0,13.0,15.0,1
6097,6,2020-12,15.0,13.0,15.0,1
6097,6,2021-01,15.0,14.0,15.0,1
6097,6,2021-02,15.0,14.0,15.0,1
6097,6,2021-03,15.0,14.0,15.0,1
6097,6,2021-04,15.0,14.0,15.0,1
6097,6,2021-05,15.0,14.0,15.0,1
6097,6,2021-06,15.0,14.0,15.0,1
6097,6,2021-07,15.2,14.0,15.2,1
6097,6,2021-08,15.2,14.0,15.2,1
6097,6,2021-09,15.2,14.0,15.2,1
6097,6,2021-10,15.2,14.0,15.2,1
6097,6,2021-11,15.2,14.0,15.2,1
6097,6,2021-12,15.2,14.0,15.2,1
6097,6,2022-01,15.2,15.0,15.2,1
6097,6,2022-02,15.2,15.0,15.2,1
6097,6,2022-03,15.2,15.0,15.2,1
6097,6,2022-04,15.2,15.0,15.2,1
6097,6,2022-05,15.2,15.0,15.2,1
6097,6,2022-06,15.2,15.0,15.2,1
6097,6,2022-07,15.85,15.0,15.85,1
6097,6,2022-08,15.85,15.0,15.85,1
6097,6,2022-09,15.85,15.0,15.85,1
6097,6,2022-10,15.85,15.0,15.85,1
6097,6,2022-11,15.85,15.0,15.85,1
6097,6,2022-12,15.85,15.0,15.85,1
6097,6,2023-01,15.85,15.5,15.85,1
6097,6,2023-02,15.85,15.5,15.85,1
6097,6,2023-03,15.85,15.5,15.85,1
6097,6,2023-04,15.85,15.5,15.85,1
6097,6,2023-05,15.85,15.5,15.85,1
6097,6,2023-06,15.85,15.5,15.85,1
6097,6,2023-07,15.85,15.5,15.85,1
6097,6,2023-08,15.85,15.5,15.85,1
6097,6,2023-09,15.85,15.5,15.85,1
6097,6,2023-10,15.85,15.5,15.85,1
6097,6,2023-11,15.85,15.5,15.85,1
6097,6,2023-12,15.85,15.5,15.85,1
6097,6,2024-01,15.85,16.0,16.0,0
6097,6,2024-02,15.85,16.0,16.0,0
6097,6,2024-03,15.85,16.0,16.0,0
6097,6,2024-04,15.85,16.0,16.0,0
6097,6,2024-05,15.85,16.0,16.0,0
6097,6,2024-06,15.85,16.0,16.0,0
6097,6,2024-07,15.85,16.0,16.0,0
6097,6,2024-08,15.85,16.0,16.0,0
6097,6,2024-09,15.85,16.0,16.0,0
6097,6,2024-10,15.85,16.0,16.0,0
6097,6,2024-11,15.85,16.0,16.0,0
6097,6,2024-12,15.85,16.0,16.0,0
6097,6,2025-01,15.85,16.5,16.5,0
6097,6,2025-02,15.85,16.5,16.5,0
6097,6,2025-03,15.85,16.5,16.5,0
6097,6,2025-04,15.85,16.5,16.5,0
6097,6,2025-05,15.85,16.5,16.5,0
6097,6,2025-06,15.85,16.5,16.5,0
6097,6,2025-07,15.85,16.5,16.5,0
6097,6,2025-08,15.85,16.5,16.5,0
6097,6,2025-09,15.85,16.5,16.5,0
6097,6,2025-10,15.85,16.5,16.5,0
6097,6,2025-11,15.85,16.5,16.5,0
6097,6,2025-12,15.85,16.5,16.5,0
8031,8,2020-01,12.85,12.0,12.85,1
8031,8,2020-02,12.85,12.0,12.85,1
8031,8,2020-03,12.85,12.0,12.85,1
8031,8,2020-04,12.85,12.0,12.85,1
8031,8,2020-05,12.85,12.0,12.85,1
8031,8,2020-06,12.85,12.0,12.85,1
8031,8,2020-07,12.85,12.0,12.85,1
8031,8,2020-08,12.85,12.0,12.85,1
8031,8,2020-09,12.85,12.0,12.85,1
8031,8,2020-10,12.85,12.0,12.85,1
8031,8,2020-11,12.85,12.0,12.85,1
8031,8,2020-12,12.85,12.0,12.85,1
8031,8,2021-01,14.77,12.32,14.77,1
8031,8,2021-02,14.77,12.32,14.77,1
8031,8,2021-03,14.77,12.32,14.77,1
8031,8,2021-04,14.77,12.32,14.77,1
8031,8,2021-05,14.77,12.32,14.77,1
8031,8,2021-06,14.77,12.32,14.77,1
8031,8,2021-07,14.77,12.32,14.77,1
8031,8,2021-08,14.77,12.32,14.77,1
8031,8,2021-09,14.77,12.32,14.77,1
8031,8,2021-10,14.77,12.32,14.77,1
8031,8,2021-11,14.77,12.32,14.77,1
8031,8,2021-12,14.77,12.32,14.77,1
8031,8,2022-01,15.87,12.56,15.87,1
8031,8,2022-02,15.87,12.56,15.87,1
8031,8,2022-03,15.87,12.56,15.87,1
8031,8,2022-04,15.87,12.56,15.87,1
8031,8,2022-05,15.87,12.56,15.87,1
8031,8,2022-06,15.87,12.56,15.87,1
8031,8,2022-07,15.87,12.56,15.87,1
8031,8,2022-08,15.87,12.56,15.87,1
8031,8,2022-09,15.87,12.56,15.87,1
8031,8,2022-10,15.87,12.56,15.87,1
8031,8,2022-11,15.87,12.56,15.87,1
8031,8,2022-12,15.87,12.56,15.87,1
8031,8,2023-01,15.87,13.65,15.87,1
8031,8,2023-02,15.87,13.65,15.87,1
8031,8,2023-03,15.87,13.65,15.87,1
8031,8,2023-04,15.87,13.65,15.87,1
8031,8,2023-05,15.87,13.65,15.87,1
8031,8,2023-06,15.87,13.65,15.87,1
8031,8,2023-07,15.87,13.65,15.87,1
8031,8,2023-08,15.87,13.65,15.87,1
8031,8,2023-09,15.87,13.65,15.87,1
8031,8,2023-10,15.87,13.65,15.87,1
8031,8,2023-11,15.87,13.65,15.87,1
8031,8,2023-12,15.87,13.65,15.87,1
8031,8,2024-01,15.87,14.42,15.87,1
8031,8,2024-02,15.87,14.42,15.87,1
8031,8,2024-03,15.87,14.42,15.87,1
8031,8,2024-04,15.87,14.42,15.87,1
8031,8,2024-05,15.87,14.42,15.87,1
8031,8,2024-06,15.87,14.42,15.87,1
8031,8,2024-07,15.87,14.42,15.87,1
8031,8,2024-08,15.87,14.42,15.87,1
8031,8,2024-09,15.87,14.42,15.87,1
8031,8,2024-10,15.87,14.42,15.87,1
8031,8,2024-11,15.87,14.42,15.87,1
8031,8,2024-12,15.87,14.42,15.87,1
8031,8,2025-01,15.87,14.81,15.87,1
8031,8,2025-02,15.87,14.81,15.87,1
8031,8,2025-03,15.87,14.81,15.87,1
8031,8,2025-04,15.87,14.81,15.87,1
8031,8,2025-05,15.87,14.81,15.87,1
8031,8,2025-06,15.87,14.81,15.87,1
8031,8,2025-07,15.87,14.81,15.87,1
8031,8,2025-08,15.87,14.81,15.87,1
8031,8,2025-09,15.87,14.81,15.87,1
8031,8,2025-10,15.87,14.81,15.87,1
8031,8,2025-11,15.87,14.81,15.87,1
8031,8,2025-12,15.87,14.81,15.87,1
17031,17,2015-07,10.0,8.25,10.0,1
17031,17,2015-08,10.0,8.25,10.0,1
17031,17,2015-09,10.0,8.25,10.0,1
17031,17,2015-10,10.0,8.25,10.0,1
17031,17,2015-11,10.0,8.25,10.0,1
17031,17,2015-12,10.0,8.25,10.0,1
17031,17,2016-01,10.0,8.25,10.0,1
17031,17,2016-02,10.0,8.25,10.0,1
17031,17,2016-03,10.0,8.25,10.0,1
17031,17,2016-04,10.0,8.25,10.0,1
17031,17,2016-05,10.0,8.25,10.0,1
17031,17,2016-06,10.0,8.25,10.0,1
17031,17,2016-07,10.5,8.25,10.5,1
17031,17,2016-08,10.5,8.25,10.5,1
17031,17,2016-09,10.5,8.25,10.5,1
17031,17,2016-10,10.5,8.25,10.5,1
17031,17,2016-11,10.5,8.25,10.5,1
17031,17,2016-12,10.5,8.25,10.5,1
17031,17,2017-01,10.5,8.25,10.5,1
17031,17,2017-02,10.5,8.25,10.5,1
17031,17,2017-03,10.5,8.25,10.5,1
17031,17,2017-04,10.5,8.25,10.5,1
17031,17,2017-05,10.5,8.25,10.5,1
17031,17,2017-06,10.5,8.25,10.5,1
17031,17,2017-07,11.0,8.25,11.0,1
17031,17,2017-08,11.0,8.25,11.0,1
17031,17,2017-09,11.0,8.25,11.0,1
17031,17,2017-10,11.0,8.25,11.0,1
17031,17,2017-11,11.0,8.25,11.0,1
17031,17,2017-12,11.0,8.25,11.0,1
17031,17,2018-01,11.0,8.25,11.0,1
17031,17,2018-02,11.0,8.25,11.0,1
17031,17,2018-03,11.0,8.25,11.0,1
17031,17,2018-04,11.0,8.25,11.0,1
17031,17,2018-05,11.0,8.25,11.0,1
17031,17,2018-06,11.0,8.25,11.0,1
17031,17,2018-07,12.0,8.25,12.0,1
17031,17,2018-08,12.0,8.25,12.0,1
17031,17,2018-09,12.0,8.25,12.0,1
17031,17,2018-10,12.0,8.25,12.0,1
17031,17,2018-11,12.0,8.25,12.0,1
17031,17,2018-12,12.0,8.25,12.0,1
17031,17,2019-01,12.0,8.25,12.0,1
17031,17,2019-02,12.0,8.25,12.0,1
17031,17,2019-03,12.0,8.25,12.0,1
17031,17,2019-04,12.0,8.25,12.0,1
17031,17,2019-05,12.0,8.25,12.0,1
17031,17,2019-06,12.0,8.25,12.0,1
17031,17,2019-07,13.0,8.25,13.0,1
17031,17,2019-08,13.0,8.25,13.0,1
17031,17,2019-09,13.0,8.25,13.0,1
17031,17,2019-10,13.0,8.25,13.0,1
17031,17,2019-11,13.0,8.25,13.0,1
17031,17,2019-12,13.0,8.25,13.0,1
17031,17,2020-01,13.0,9.25,13.0,1
17031,17,2020-02,13.0,9.25,13.0,1
17031,17,2020-03,13.0,9.25,13.0,1
17031,17,2020-04,13.0,9.25,13.0,1
17031,17,2020-05,13.0,9.25,13.0,1
17031,17,2020-06,13.0,9.25,13.0,1
17031,17,2020-07,14.0,10.0,14.0,1
17031,17,2020-08,14.0,10.0,14.0,1
17031,17,2020-09,14.0,10.0,14.0,1
17031,17,2020-10,14.0,10.0,14.0,1
17031,17,2020-11,14.0,10.0,14.0,1
17031,17,2020-12,14.0,10.0,14.0,1
17031,17,2021-01,14.0,11.0,14.0,1
17031,17,2021-02,14.0,11.0,14.0,1
17031,17,2021-03,14.0,11.0,14.0,1
17031,17,2021-04,14.0,11.0,14.0,1
17031,17,2021-05,14.0,11.0,14.0,1
17031,17,2021-06,14.0,11.0,14.0,1
17031,17,2021-07,15.0,11.0,15.0,1
17031,17,2021-08,15.0,11.0,15.0,1
17031,17,2021-09,15.0,11.0,15.0,1
17031,17,2021-10,15.0,11.0,15.0,1
17031,17,2021-11,15.0,11.0,15.0,1
17031,17,2021-12,15.0,11.0,15.0,1
17031,17,2022-01,15.0,12.0,15.0,1
17031,17,2022-02,15.0,12.0,15.0,1
17031,17,2022-03,15.0,12.0,15.0,1
17031,17,2022-04,15.0,12.0,15.0,1
17031,17,2022-05,15.0,12.0,15.0,1
17031,17,2022-06,15.0,12.0,15.0,1
17031,17,2022-07,15.0,12.0,15.0,1
17031,17,2022-08,15.0,12.0,15.0,1
17031,17,2022-09,15.0,12.0,15.0,1
17031,17,2022-10,15.0,12.0,15.0,1
17031,17,2022-11,15.0,12.0,15.0,1
17031,17,2022-12,15.0,12.0,15.0,1
17031,17,2023-01,15.4,13.0,15.4,1
17031,17,2023-02,15.4,13.0,15.4,1
17031,17,2023-03,15.4,13.0,15.4,1
17031,17,2023-04,15.4,13.0,15.4,1
17031,17,2023-05,15.4,13.0,15.4,1
17031,17,2023-06,15.4,13.0,15.4,1
17031,17,2023-07,15.4,13.0,15.4,1
17031,17,2023-08,15.4,13.0,15.4,1
17031,17,2023-09,15.4,13.0,15.4,1
17031,17,2023-10,15.4,13.0,15.4,1
17031,17,2023-11,15.4,13.0,15.4,1
17031,17,2023-12,15.4,13.0,15.4,1
17031,17,2024-01,15.4,14.0,15.4,1
17031,17,2024-02,15.4,14.0,15.4,1
17031,17,2024-03,15.4,14.0,15.4,1
17031,17,2024-04,15.4,14.0,15.4,1
17031,17,2024-05,15.4,14.0,15.4,1
17031,17,2024-06,15.4,14.0,15.4,1
17031,17,2024-07,15.4,14.0,15.4,1
17031,17,2024-08,15.4,14.0,15.4,1
17031,17,2024-09,15.4,14.0,15.4,1
17031,17,2024-10,15.4,14.0,15.4,1
17031,17,2024-11,15.4,14.0,15.4,1
17031,17,2024-12,15.4,14.0,15.4,1
17031,17,2025-01,15.4,15.0,15.4,1
17031,17,2025-02,15.4,15.0,15.4,1
17031,17,2025-03,15.4,15.0,15.4,1
17031,17,2025-04,15.4,15.0,15.4,1
17031,17,2025-05,15.4,15.0,15.4,1
17031,17,2025-06,15.4,15.0,15.4,1
17031,17,2025-07,15.4,15.0,15.4,1
17031,17,2025-08,15.4,15.0,15.4,1
17031,17,2025-09,15.4,15.0,15.4,1
17031,17,2025-10,15.4,15.0,15.4,1
17031,17,2025-11,15.4,15.0,15.4,1
17031,17,2025-12,15.4,15.0,15.4,1
19103,19,2015-11,8.2,7.25,8.2,1
19103,19,2015-12,8.2,7.25,8.2,1
19103,19,2016-01,8.2,7.25,8.2,1
19103,19,2016-02,8.2,7.25,8.2,1
19103,19,2016-03,8.2,7.25,8.2,1
19103,19,2016-04,8.2,7.25,8.2,1
19103,19,2016-05,9.15,7.25,9.15,1
19103,19,2016-06,9.15,7.25,9.15,1
19103,19,2016-07,9.15,7.25,9.15,1
19103,19,2016-08,9.15,7.25,9.15,1
19103,19,2016-09,9.15,7.25,9.15,1
19103,19,2016-10,9.15,7.25,9.15,1
19103,19,2016-11,9.15,7.25,9.15,1
19103,19,2016-12,9.15,7.25,9.15,1
19103,19,2017-01,10.1,7.25,10.1,1
19103,19,2017-02,10.1,7.25,10.1,1
19103,19,2017-03,10.1,7.25,10.1,1
19103,19,2017-04,7.25,7.25,7.25,0
19103,19,2017-05,7.25,7.25,7.25,0
19103,19,2017-06,7.25,7.25,7.25,0
19103,19,2017-07,7.25,7.25,7.25,0
19103,19,2017-08,7.25,7.25,7.25,0
19103,19,2017-09,7.25,7.25,7.25,0
19103,19,2017-10,7.25,7.25,7.25,0
19103,19,2017-11,7.25,7.25,7.25,0
19103,19,2017-12,7.25,7.25,7.25,0
19103,19,2018-01,7.25,7.25,7.25,0
19103,19,2018-02,7.25,7.25,7.25,0
19103,19,2018-03,7.25,7.25,7.25,0
19103,19,2018-04,7.25,7.25,7.25,0
19103,19,2018-05,7.25,7.25,7.25,0
19103,19,2018-06,7.25,7.25,7.25,0
19103,19,2018-07,7.25,7.25,7.25,0
19103,19,2018-08,7.25,7.25,7.25,0
19103,19,2018-09,7.25,7.25,7.25,0
19103,19,2018-10,7.25,7.25,7.25,0
19103,19,2018-11,7.25,7.25,7.25,0
19103,19,2018-12,7.25,7.25,7.25,0
19103,19,2019-01,7.25,7.25,7.25,0
19103,19,2019-02,7.25,7.25,7.25,0
19103,19,2019-03,7.25,7.25,7.25,0
19103,19,2019-04,7.25,7.25,7.25,0
19103,19,2019-05,7.25,7.25,7.25,0
19103,19,2019-06,7.25,7.25,7.25,0
19103,19,2019-07,7.25,7.25,7.25,0
19103,19,2019-08,7.25,7.25,7.25,0
19103,19,2019-09,7.25,7.25,7.25,0
19103,19,2019-10,7.25,7.25,7.25,0
19103,19,2019-11,7.25,7.25,7.25,0
19103,19,2019-12,7.25,7.25,7.25,0
19103,19,2020-01,7.25,7.25,7.25,0
19103,19,2020-02,7.25,7.25,7.25,0
19103,19,2020-03,7.25,7.25,7.25,0
19103,19,2020-04,7.25,7.25,7.25,0
19103,19,2020-05,7.25,7.25,7.25,0
19103,19,2020-06,7.25,7.25,7.25,0
19103,19,2020-07,7.25,7.25,7.25,0
19103,19,2020-08,7.25,7.25,7.25,0
19103,19,2020-09,7.25,7.25,7.25,0
19103,19,2020-10,7.25,7.25,7.25,0
19103,19,2020-11,7.25,7.25,7.25,0
19103,19,2020-12,7.25,7.25,7.25,0
19103,19,2021-01,7.25,7.25,7.25,0
19103,19,2021-02,7.25,7.25,7.25,0
19103,19,2021-03,7.25,7.25,7.25,0
19103,19,2021-04,7.25,7.25,7.25,0
19103,19,2021-05,7.25,7.25,7.25,0
19103,19,2021-06,7.25,7.25,7.25,0
19103,19,2021-07,7.25,7.25,7.25,0
19103,19,2021-08,7.25,7.25,7.25,0
19103,19,2021-09,7.25,7.25,7.25,0
19103,19,2021-10,7.25,7.25,7.25,0
19103,19,2021-11,7.25,7.25,7.25,0
19103,19,2021-12,7.25,7.25,7.25,0
19103,19,2022-01,7.25,7.25,7.25,0
19103,19,2022-02,7.25,7.25,7.25,0
19103,19,2022-03,7.25,7.25,7.25,0
19103,19,2022-04,7.25,7.25,7.25,0
19103,19,2022-05,7.25,7.25,7.25,0
19103,19,2022-06,7.25,7.25,7.25,0
19103,19,2022-07,7.25,7.25,7.25,0
19103,19,2022-08,7.25,7.25,7.25,0
19103,19,2022-09,7.25,7.25,7.25,0
19103,19,2022-10,7.25,7.25,7.25,0
19103,19,2022-11,7.25,7.25,7.25,0
19103,19,2022-12,7.25,7.25,7.25,0
19103,19,2023-01,7.25,7.25,7.25,0
19103,19,2023-02,7.25,7.25,7.25,0
19103,19,2023-03,7.25,7.25,7.25,0
19103,19,2023-04,7.25,7.25,7.25,0
19103,19,2023-05,7.25,7.25,7.25,0
19103,19,2023-06,7.25,7.25,7.25,0
19103,19,2023-07,7.25,7.25,7.25,0
19103,19,2023-08,7.25,7.25,7.25,0
19103,19,2023-09,7.25,7.25,7.25,0
19103,19,2023-10,7.25,7.25,7.25,0
19103,19,2023-11,7.25,7.25,7.25,0
19103,19,2023-12,7.25,7.25,7.25,0
19103,19,2024-01,7.25,7.25,7.25,0
19103,19,2024-02,7.25,7.25,7.25,0
19103,19,2024-03,7.25,7.25,7.25,0
19103,19,2024-04,7.25,7.25,7.25,0
19103,19,2024-05,7.25,7.25,7.25,0
19103,19,2024-06,7.25,7.25,7.25,0
19103,19,2024-07,7.25,7.25,7.25,0
19103,19,2024-08,7.25,7.25,7.25,0
19103,19,2024-09,7.25,7.25,7.25,0
19103,19,2024-10,7.25,7.25,7.25,0
19103,19,2024-11,7.25,7.25,7.25,0
19103,19,2024-12,7.25,7.25,7.25,0
19103,19,2025-01,7.25,7.25,7.25,0
19103,19,2025-02,7.25,7.25,7.25,0
19103,19,2025-03,7.25,7.25,7.25,0
19103,19,2025-04,7.25,7.25,7.25,0
19103,19,2025-05,7.25,7.25,7.25,0
19103,19,2025-06,7.25,7.25,7.25,0
19103,19,2025-07,7.25,7.25,7.25,0
19103,19,2025-08,7.25,7.25,7.25,0
19103,19,2025-09,7.25,7.25,7.25,0
19103,19,2025-10,7.25,7.25,7.25,0
19103,19,2025-11,7.25,7.25,7.25,0
19103,19,2025-12,7.25,7.25,7.25,0
19113,19,2017-01,8.25,7.25,8.25,1
19113,19,2017-02,8.25,7.25,8.25,1
19113,19,2017-03,8.25,7.25,8.25,1
19113,19,2017-04,7.25,7.25,7.25,0
19113,19,2017-05,7.25,7.25,7.25,0
19113,19,2017-06,7.25,7.25,7.25,0
19113,19,2017-07,7.25,7.25,7.25,0
19113,19,2017-08,7.25,7.25,7.25,0
19113,19,2017-09,7.25,7.25,7.25,0
19113,19,2017-10,7.25,7.25,7.25,0
19113,19,2017-11,7.25,7.25,7.25,0
19113,19,2017-12,7.25,7.25,7.25,0
19113,19,2018-01,7.25,7.25,7.25,0
19113,19,2018-02,7.25,7.25,7.25,0
19113,19,2018-03,7.25,7.25,7.25,0
19113,19,2018-04,7.25,7.25,7.25,0
19113,19,2018-05,7.25,7.25,7.25,0
19113,19,2018-06,7.25,7.25,7.25,0
19113,19,2018-07,7.25,7.25,7.25,0
19113,19,2018-08,7.25,7.25,7.25,0
19113,19,2018-09,7.25,7.25,7.25,0
19113,19,2018-10,7.25,7.25,7.25,0
19113,19,2018-11,7.25,7.25,7.25,0
19113,19,2018-12,7.25,7.25,7.25,0
19113,19,2019-01,7.25,7.25,7.25,0
19113,19,2019-02,7.25,7.25,7.25,0
19113,19,2019-03,7.25,7.25,7.25,0
19113,19,2019-04,7.25,7.25,7.25,0
19113,19,2019-05,7.25,7.25,7.25,0
19113,19,2019-06,7.25,7.25,7.25,0
19113,19,2019-07,7.25,7.25,7.25,0
19113,19,2019-08,7.25,7.25,7.25,0
19113,19,2019-09,7.25,7.25,7.25,0
19113,19,2019-10,7.25,7.25,7.25,0
19113,19,2019-11,7.25,7.25,7.25,0
19113,19,2019-12,7.25,7.25,7.25,0
19113,19,2020-01,7.25,7.25,7.25,0
19113,19,2020-02,7.25,7.25,7.25,0
19113,19,2020-03,7.25,7.25,7.25,0
19113,19,2020-04,7.25,7.25,7.25,0
19113,19,2020-05,7.25,7.25,7.25,0
19113,19,2020-06,7.25,7.25,7.25,0
19113,19,2020-07,7.25,7.25,7.25,0
19113,19,2020-08,7.25,7.25,7.25,0
19113,19,2020-09,7.25,7.25,7.25,0
19113,19,2020-10,7.25,7.25,7.25,0
19113,19,2020-11,7.25,7.25,7.25,0
19113,19,2020-12,7.25,7.25,7.25,0
19113,19,2021-01,7.25,7.25,7.25,0
19113,19,2021-02,7.25,7.25,7.25,0
19113,19,2021-03,7.25,7.25,7.25,0
19113,19,2021-04,7.25,7.25,7.25,0
19113,19,2021-05,7.25,7.25,7.25,0
19113,19,2021-06,7.25,7.25,7.25,0
19113,19,2021-07,7.25,7.25,7.25,0
19113,19,2021-08,7.25,7.25,7.25,0
19113,19,2021-09,7.25,7.25,7.25,0
19113,19,2021-10,7.25,7.25,7.25,0
19113,19,2021-11,7.25,7.25,7.25,0
19113,19,2021-12,7.25,7.25,7.25,0
19113,19,2022-01,7.25,7.25,7.25,0
19113,19,2022-02,7.25,7.25,7.25,0
19113,19,2022-03,7.25,7.25,7.25,0
19113,19,2022-04,7.25,7.25,7.25,0
19113,19,2022-05,7.25,7.25,7.25,0
19113,19,2022-06,7.25,7.25,7.25,0
19113,19,2022-07,7.25,7.25,7.25,0
19113,19,2022-08,7.25,7.25,7.25,0
19113,19,2022-09,7.25,7.25,7.25,0
19113,19,2022-10,7.25,7.25,7.25,0
19113,19,2022-11,7.25,7.25,7.25,0
19113,19,2022-12,7.25,7.25,7.25,0
19113,19,2023-01,7.25,7.25,7.25,0
19113,19,2023-02,7.25,7.25,7.25,0
19113,19,2023-03,7.25,7.25,7.25,0
19113,19,2023-04,7.25,7.25,7.25,0
19113,19,2023-05,7.25,7.25,7.25,0
19113,19,2023-06,7.25,7.25,7.25,0
19113,19,2023-07,7.25,7.25,7.25,0
19113,19,2023-08,7.25,7.25,7.25,0
19113,19,2023-09,7.25,7.25,7.25,0
19113,19,2023-10,7.25,7.25,7.25,0
19113,19,2023-11,7.25,7.25,7.25,0
19113,19,2023-12,7.25,7.25,7.25,0
19113,19,2024-01,7.25,7.25,7.25,0
19113,19,2024-02,7.25,7.25,7.25,0
19113,19,2024-03,7.25,7.25,7.25,0
19113,19,2024-04,7.25,7.25,7.25,0
19113,19,2024-05,7.25,7.25,7.25,0
19113,19,2024-06,7.25,7.25,7.25,0
19113,19,2024-07,7.25,7.25,7.25,0
19113,19,2024-08,7.25,7.25,7.25,0
19113,19,2024-09,7.25,7.25,7.25,0
19113,19,2024-10,7.25,7.25,7.25,0
19113,19,2024-11,7.25,7.25,7.25,0
19113,19,2024-12,7.25,7.25,7.25,0
19113,19,2025-01,7.25,7.25,7.25,0
19113,19,2025-02,7.25,7.25,7.25,0
19113,19,2025-03,7.25,7.25,7.25,0
19113,19,2025-04,7.25,7.25,7.25,0
19113,19,2025-05,7.25,7.25,7.25,0
19113,19,2025-06,7.25,7.25,7.25,0
19113,19,2025-07,7.25,7.25,7.25,0
19113,19,2025-08,7.25,7.25,7.25,0
19113,19,2025-09,7.25,7.25,7.25,0
19113,19,2025-10,7.25,7.25,7.25,0
19113,19,2025-11,7.25,7.25,7.25,0
19113,19,2025-12,7.25,7.25,7.25,0
19179,19,2017-01,8.2,7.25,8.2,1
19179,19,2017-02,8.2,7.25,8.2,1
19179,19,2017-03,8.2,7.25,8.2,1
19179,19,2017-04,7.25,7.25,7.25,0
19179,19,2017-05,7.25,7.25,7.25,0
19179,19,2017-06,7.25,7.25,7.25,0
19179,19,2017-07,7.25,7.25,7.25,0
19179,19,2017-08,7.25,7.25,7.25,0
19179,19,2017-09,7.25,7.25,7.25,0
19179,19,2017-10,7.25,7.25,7.25,0
19179,19,2017-11,7.25,7.25,7.25,0
19179,19,2017-12,7.25,7.25,7.25,0
19179,19,2018-01,7.25,7.25,7.25,0
19179,19,2018-02,7.25,7.25,7.25,0
19179,19,2018-03,7.25,7.25,7.25,0
19179,19,2018-04,7.25,7.25,7.25,0
19179,19,2018-05,7.25,7.25,7.25,0
19179,19,2018-06,7.25,7.25,7.25,0
19179,19,2018-07,7.25,7.25,7.25,0
19179,19,2018-08,7.25,7.25,7.25,0
19179,19,2018-09,7.25,7.25,7.25,0
19179,19,2018-10,7.25,7.25,7.25,0
19179,19,2018-11,7.25,7.25,7.25,0
19179,19,2018-12,7.25,7.25,7.25,0
19179,19,2019-01,7.25,7.25,7.25,0
19179,19,2019-02,7.25,7.25,7.25,0
19179,19,2019-03,7.25,7.25,7.25,0
19179,19,2019-04,7.25,7.25,7.25,0
19179,19,2019-05,7.25,7.25,7.25,0
19179,19,2019-06,7.25,7.25,7.25,0
19179,19,2019-07,7.25,7.25,7.25,0
19179,19,2019-08,7.25,7.25,7.25,0
19179,19,2019-09,7.25,7.25,7.25,0
19179,19,2019-10,7.25,7.25,7.25,0
19179,19,2019-11,7.25,7.25,7.25,0
19179,19,2019-12,7.25,7.25,7.25,0
19179,19,2020-01,7.25,7.25,7.25,0
19179,19,2020-02,7.25,7.25,7.25,0
19179,19,2020-03,7.25,7.25,7.25,0
19179,19,2020-04,7.25,7.25,7.25,0
19179,19,2020-05,7.25,7.25,7.25,0
19179,19,2020-06,7.25,7.25,7.25,0
19179,19,2020-07,7.25,7.25,7.25,0
19179,19,2020-08,7.25,7.25,7.25,0
19179,19,2020-09,7.25,7.25,7.25,0
19179,19,2020-10,7.25,7.25,7.25,0
19179,19,2020-11,7.25,7.25,7.25,0
19179,19,2020-12,7.25,7.25,7.25,0
19179,19,2021-01,7.25,7.25,7.25,0
19179,19,2021-02,7.25,7.25,7.25,0
19179,19,2021-03,7.25,7.25,7.25,0
19179,19,2021-04,7.25,7.25,7.25,0
19179,19,2021-05,7.25,7.25,7.25,0
19179,19,2021-06,7.25,7.25,7.25,0
19179,19,2021-07,7.25,7.25,7.25,0
19179,19,2021-08,7.25,7.25,7.25,0
19179,19,2021-09,7.25,7.25,7.25,0
19179,19,2021-10,7.25,7.25,7.25,0
19179,19,2021-11,7.25,7.25,7.25,0
19179,19,2021-12,7.25,7.25,7.25,0
19179,19,2022-01,7.25,7.25,7.25,0
19179,19,2022-02,7.25,7.25,7.25,0
19179,19,2022-03,7.25,7.25,7.25,0
19179,19,2022-04,7.25,7.25,7.25,0
19179,19,2022-05,7.25,7.25,7.25,0
19179,19,2022-06,7.25,7.25,7.25,0
19179,19,2022-07,7.25,7.25,7.25,0
19179,19,2022-08,7.25,7.25,7.25,0
19179,19,2022-09,7.25,7.25,7.25,0
19179,19,2022-10,7.25,7.25,7.25,0
19179,19,2022-11,7.25,7.25,7.25,0
19179,19,2022-12,7.25,7.25,7.25,0
19179,19,2023-01,7.25,7.25,7.25,0
19179,19,2023-02,7.25,7.25,7.25,0
19179,19,2023-03,7.25,7.25,7.25,0
19179,19,2023-04,7.25,7.25,7.25,0
19179,19,2023-05,7.25,7.25,7.25,0
19179,19,2023-06,7.25,7.25,7.25,0
19179,19,2023-07,7.25,7.25,7.25,0
19179,19,2023-08,7.25,7.25,7.25,0
19179,19,2023-09,7.25,7.25,7.25,0
19179,19,2023-10,7.25,7.25,7.25,0
19179,19,2023-11,7.25,7.25,7.25,0
19179,19,2023-12,7.25,7.25,7.25,0
19179,19,2024-01,7.25,7.25,7.25,0
19179,19,2024-02,7.25,7.25,7.25,0
19179,19,2024-03,7.25,7.25,7.25,0
19179,19,2024-04,7.25,7.25,7.25,0
19179,19,2024-05,7.25,7.25,7.25,0
19179,19,2024-06,7.25,7.25,7.25,0
19179,19,2024-07,7.25,7.25,7.25,0
19179,19,2024-08,7.25,7.25,7.25,0
19179,19,2024-09,7.25,7.25,7.25,0
19179,19,2024-10,7.25,7.25,7.25,0
19179,19,2024-11,7.25,7.25,7.25,0
19179,19,2024-12,7.25,7.25,7.25,0
19179,19,2025-01,7.25,7.25,7.25,0
19179,19,2025-02,7.25,7.25,7.25,0
19179,19,2025-03,7.25,7.25,7.25,0
19179,19,2025-04,7.25,7.25,7.25,0
19179,19,2025-05,7.25,7.25,7.25,0
19179,19,2025-06,7.25,7.25,7.25,0
19179,19,2025-07,7.25,7.25,7.25,0
19179,19,2025-08,7.25,7.25,7.25,0
19179,19,2025-09,7.25,7.25,7.25,0
19179,19,2025-10,7.25,7.25,7.25,0
19179,19,2025-11,7.25,7.25,7.25,0
19179,19,2025-12,7.25,7.25,7.25,0
21067,21,2016-07,8.2,7.25,8.2,1
21067,21,2016-08,8.2,7.25,8.2,1
21067,21,2016-09,8.2,7.25,8.2,1
21067,21,2016-10,8.2,7.25,8.2,1
21067,21,2016-11,7.25,7.25,7.25,0
21067,21,2016-12,7.25,7.25,7.25,0
21067,21,2017-01,7.25,7.25,7.25,0
21067,21,2017-02,7.25,7.25,7.25,0
21067,21,2017-03,7.25,7.25,7.25,0
21067,21,2017-04,7.25,7.25,7.25,0
21067,21,2017-05,7.25,7.25,7.25,0
21067,21,2017-06,7.25,7.25,7.25,0
21067,21,2017-07,7.25,7.25,7.25,0
21067,21,2017-08,7.25,7.25,7.25,0
21067,21,2017-09,7.25,7.25,7.25,0
21067,21,2017-10,7.25,7.25,7.25,0
21067,21,2017-11,7.25,7.25,7.25,0
21067,21,2017-12,7.25,7.25,7.25,0
21067,21,2018-01,7.25,7.25,7.25,0
21067,21,2018-02,7.25,7.25,7.25,0
21067,21,2018-03,7.25,7.25,7.25,0
21067,21,2018-04,7.25,7.25,7.25,0
21067,21,2018-05,7.25,7.25,7.25,0
21067,21,2018-06,7.25,7.25,7.25,0
21067,21,2018-07,7.25,7.25,7.25,0
21067,21,2018-08,7.25,7.25,7.25,0
21067,21,2018-09,7.25,7.25,7.25,0
21067,21,2018-10,7.25,7.25,7.25,0
21067,21,2018-11,7.25,7.25,7.25,0
21067,21,2018-12,7.25,7.25,7.25,0
21067,21,2019-01,7.25,7.25,7.25,0
21067,21,2019-02,7.25,7.25,7.25,0
21067,21,2019-03,7.25,7.25,7.25,0
21067,21,2019-04,7.25,7.25,7.25,0
21067,21,2019-05,7.25,7.25,7.25,0
21067,21,2019-06,7.25,7.25,7.25,0
21067,21,2019-07,7.25,7.25,7.25,0
21067,21,2019-08,7.25,7.25,7.25,0
21067,21,2019-09,7.25,7.25,7.25,0
21067,21,2019-10,7.25,7.25,7.25,0
21067,21,2019-11,7.25,7.25,7.25,0
21067,21,2019-12,7.25,7.25,7.25,0
21067,21,2020-01,7.25,7.25,7.25,0
21067,21,2020-02,7.25,7.25,7.25,0
21067,21,2020-03,7.25,7.25,7.25,0
21067,21,2020-04,7.25,7.25,7.25,0
21067,21,2020-05,7.25,7.25,7.25,0
21067,21,2020-06,7.25,7.25,7.25,0
21067,21,2020-07,7.25,7.25,7.25,0
21067,21,2020-08,7.25,7.25,7.25,0
21067,21,2020-09,7.25,7.25,7.25,0
21067,21,2020-10,7.25,7.25,7.25,0
21067,21,2020-11,7.25,7.25,7.25,0
21067,21,2020-12,7.25,7.25,7.25,0
21067,21,2021-01,7.25,7.25,7.25,0
21067,21,2021-02,7.25,7.25,7.25,0
21067,21,2021-03,7.25,7.25,7.25,0
21067,21,2021-04,7.25,7.25,7.25,0
21067,21,2021-05,7.25,7.25,7.25,0
21067,21,2021-06,7.25,7.25,7.25,0
21067,21,2021-07,7.25,7.25,7.25,0
21067,21,2021-08,7.25,7.25,7.25,0
21067,21,2021-09,7.25,7.25,7.25,0
21067,21,2021-10,7.25,7.25,7.25,0
21067,21,2021-11,7.25,7.25,7.25,0
21067,21,2021-12,7.25,7.25,7.25,0
21067,21,2022-01,7.25,7.25,7.25,0
21067,21,2022-02,7.25,7.25,7.25,0
21067,21,2022-03,7.25,7.25,7.25,0
21067,21,2022-04,7.25,7.25,7.25,0
21067,21,2022-05,7.25,7.25,7.25,0
21067,21,2022-06,7.25,7.25,7.25,0
21067,21,2022-07,7.25,7.25,7.25,0
21067,21,2022-08,7.25,7.25,7.25,0
21067,21,2022-09,7.25,7.25,7.25,0
21067,21,2022-10,7.25,7.25,7.25,0
21067,21,2022-11,7.25,7.25,7.25,0
21067,21,2022-12,7.25,7.25,7.25,0
21067,21,2023-01,7.25,7.25,7.25,0
21067,21,2023-02,7.25,7.25,7.25,0
21067,21,2023-03,7.25,7.25,7.25,0
21067,21,2023-04,7.25,7.25,7.25,0
21067,21,2023-05,7.25,7.25,7.25,0
21067,21,2023-06,7.25,7.25,7.25,0
21067,21,2023-07,7.25,7.25,7.25,0
21067,21,2023-08,7.25,7.25,7.25,0
21067,21,2023-09,7.25,7.25,7.25,0
21067,21,2023-10,7.25,7.25,7.25,0
21067,21,2023-11,7.25,7.25,7.25,0
21067,21,2023-12,7.25,7.25,7.25,0
21067,21,2024-01,7.25,7.25,7.25,0
21067,21,2024-02,7.25,7.25,7.25,0
21067,21,2024-03,7.25,7.25,7.25,0
21067,21,2024-04,7.25,7.25,7.25,0
21067,21,2024-05,7.25,7.25,7.25,0
21067,21,2024-06,7.25,7.25,7.25,0
21067,21,2024-07,7.25,7.25,7.25,0
21067,21,2024-08,7.25,7.25,7.25,0
21067,21,2024-09,7.25,7.25,7.25,0
21067,21,2024-10,7.25,7.25,7.25,0
21067,21,2024-11,7.25,7.25,7.25,0
21067,21,2024-12,7.25,7.25,7.25,0
21067,21,2025-01,7.25,7.25,7.25,0
21067,21,2025-02,7.25,7.25,7.25,0
21067,21,2025-03,7.25,7.25,7.25,0
21067,21,2025-04,7.25,7.25,7.25,0
21067,21,2025-05,7.25,7.25,7.25,0
21067,21,2025-06,7.25,7.25,7.25,0
21067,21,2025-07,7.25,7.25,7.25,0
21067,21,2025-08,7.25,7.25,7.25,0
21067,21,2025-09,7.25,7.25,7.25,0
21067,21,2025-10,7.25,7.25,7.25,0
21067,21,2025-11,7.25,7.25,7.25,0
21067,21,2025-12,7.25,7.25,7.25,0
21111,21,2015-07,7.75,7.25,7.75,1
21111,21,2015-08,7.75,7.25,7.75,1
21111,21,2015-09,7.75,7.25,7.75,1
21111,21,2015-10,7.75,7.25,7.75,1
21111,21,2015-11,7.75,7.25,7.75,1
21111,21,2015-12,7.75,7.25,7.75,1
21111,21,2016-01,7.75,7.25,7.75,1
21111,21,2016-02,7.75,7.25,7.75,1
21111,21,2016-03,7.75,7.25,7.75,1
21111,21,2016-04,7.75,7.25,7.75,1
21111,21,2016-05,7.75,7.25,7.75,1
21111,21,2016-06,7.75,7.25,7.75,1
21111,21,2016-07,8.25,7.25,8.25,1
21111,21,2016-08,8.25,7.25,8.25,1
21111,21,2016-09,8.25,7.25,8.25,1
21111,21,2016-10,8.25,7.25,8.25,1
21111,21,2016-11,7.25,7.25,7.25,0
21111,21,2016-12,7.25,7.25,7.25,0
21111,21,2017-01,7.25,7.25,7.25,0
21111,21,2017-02,7.25,7.25,7.25,0
21111,21,2017-03,7.25,7.25,7.25,0
21111,21,2017-04,7.25,7.25,7.25,0
21111,21,2017-05,7.25,7.25,7.25,0
21111,21,2017-06,7.25,7.25,7.25,0
21111,21,2017-07,7.25,7.25,7.25,0
21111,21,2017-08,7.25,7.25,7.25,0
21111,21,2017-09,7.25,7.25,7.25,0
21111,21,2017-10,7.25,7.25,7.25,0
21111,21,2017-11,7.25,7.25,7.25,0
21111,21,2017-12,7.25,7.25,7.25,0
21111,21,2018-01,7.25,7.25,7.25,0
21111,21,2018-02,7.25,7.25,7.25,0
21111,21,2018-03,7.25,7.25,7.25,0
21111,21,2018-04,7.25,7.25,7.25,0
21111,21,2018-05,7.25,7.25,7.25,0
21111,21,2018-06,7.25,7.25,7.25,0
21111,21,2018-07,7.25,7.25,7.25,0
21111,21,2018-08,7.25,7.25,7.25,0
21111,21,2018-09,7.25,7.25,7.25,0
21111,21,2018-10,7.25,7.25,7.25,0
21111,21,2018-11,7.25,7.25,7.25,0
21111,21,2018-12,7.25,7.25,7.25,0
21111,21,2019-01,7.25,7.25,7.25,0
21111,21,2019-02,7.25,7.25,7.25,0
21111,21,2019-03,7.25,7.25,7.25,0
21111,21,2019-04,7.25,7.25,7.25,0
21111,21,2019-05,7.25,7.25,7.25,0
21111,21,2019-06,7.25,7.25,7.25,0
21111,21,2019-07,7.25,7.25,7.25,0
21111,21,2019-08,7.25,7.25,7.25,0
21111,21,2019-09,7.25,7.25,7.25,0
21111,21,2019-10,7.25,7.25,7.25,0
21111,21,2019-11,7.25,7.25,7.25,0
21111,21,2019-12,7.25,7.25,7.25,0
21111,21,2020-01,7.25,7.25,7.25,0
21111,21,2020-02,7.25,7.25,7.25,0
21111,21,2020-03,7.25,7.25,7.25,0
21111,21,2020-04,7.25,7.25,7.25,0
21111,21,2020-05,7.25,7.25,7.25,0
21111,21,2020-06,7.25,7.25,7.25,0
21111,21,2020-07,7.25,7.25,7.25,0
21111,21,2020-08,7.25,7.25,7.25,0
21111,21,2020-09,7.25,7.25,7.25,0
21111,21,2020-10,7.25,7.25,7.25,0
21111,21,2020-11,7.25,7.25,7.25,0
21111,21,2020-12,7.25,7.25,7.25,0
21111,21,2021-01,7.25,7.25,7.25,0
21111,21,2021-02,7.25,7.25,7.25,0
21111,21,2021-03,7.25,7.25,7.25,0
21111,21,2021-04,7.25,7.25,7.25,0
21111,21,2021-05,7.25,7.25,7.25,0
21111,21,2021-06,7.25,7.25,7.25,0
21111,21,2021-07,7.25,7.25,7.25,0
21111,21,2021-08,7.25,7.25,7.25,0
21111,21,2021-09,7.25,7.25,7.25,0
21111,21,2021-10,7.25,7.25,7.25,0
21111,21,2021-11,7.25,7.25,7.25,0
21111,21,2021-12,7.25,7.25,7.25,0
21111,21,2022-01,7.25,7.25,7.25,0
21111,21,2022-02,7.25,7.25,7.25,0
21111,21,2022-03,7.25,7.25,7.25,0
21111,21,2022-04,7.25,7.25,7.25,0
21111,21,2022-05,7.25,7.25,7.25,0
21111,21,2022-06,7.25,7.25,7.25,0
21111,21,2022-07,7.25,7.25,7.25,0
21111,21,2022-08,7.25,7.25,7.25,0
21111,21,2022-09,7.25,7.25,7.25,0
21111,21,2022-10,7.25,7.25,7.25,0
21111,21,2022-11,7.25,7.25,7.25,0
21111,21,2022-12,7.25,7.25,7.25,0
21111,21,2023-01,7.25,7.25,7.25,0
21111,21,2023-02,7.25,7.25,7.25,0
21111,21,2023-03,7.25,7.25,7.25,0
21111,21,2023-04,7.25,7.25,7.25,0
21111,21,2023-05,7.25,7.25,7.25,0
21111,21,2023-06,7.25,7.25,7.25,0
21111,21,2023-07,7.25,7.25,7.25,0
21111,21,2023-08,7.25,7.25,7.25,0
21111,21,2023-09,7.25,7.25,7.25,0
21111,21,2023-10,7.25,7.25,7.25,0
21111,21,2023-11,7.25,7.25,7.25,0
21111,21,2023-12,7.25,7.25,7.25,0
21111,21,2024-01,7.25,7.25,7.25,0
21111,21,2024-02,7.25,7.25,7.25,0
21111,21,2024-03,7.25,7.25,7.25,0
21111,21,2024-04,7.25,7.25,7.25,0
21111,21,2024-05,7.25,7.25,7.25,0
21111,21,2024-06,7.25,7.25,7.25,0
21111,21,2024-07,7.25,7.25,7.25,0
21111,21,2024-08,7.25,7.25,7.25,0
21111,21,2024-09,7.25,7.25,7.25,0
21111,21,2024-10,7.25,7.25,7.25,0
21111,21,2024-11,7.25,7.25,7.25,0
21111,21,2024-12,7.25,7.25,7.25,0
21111,21,2025-01,7.25,7.25,7.25,0
21111,21,2025-02,7.25,7.25,7.25,0
21111,21,2025-03,7.25,7.25,7.25,0
21111,21,2025-04,7.25,7.25,7.25,0
21111,21,2025-05,7.25,7.25,7.25,0
21111,21,2025-06,7.25,7.25,7.25,0
21111,21,2025-07,7.25,7.25,7.25,0
21111,21,2025-08,7.25,7.25,7.25,0
21111,21,2025-09,7.25,7.25,7.25,0
21111,21,2025-10,7.25,7.25,7.25,0
21111,21,2025-11,7.25,7.25,7.25,0
21111,21,2025-12,7.25,7.25,7.25,0
23005,23,2016-01,10.1,7.5,10.1,1
23005,23,2016-02,10.1,7.5,10.1,1
23005,23,2016-03,10.1,7.5,10.1,1
23005,23,2016-04,10.1,7.5,10.1,1
23005,23,2016-05,10.1,7.5,10.1,1
23005,23,2016-06,10.1,7.5,10.1,1
23005,23,2016-07,10.1,7.5,10.1,1
23005,23,2016-08,10.1,7.5,10.1,1
23005,23,2016-09,10.1,7.5,10.1,1
23005,23,2016-10,10.1,7.5,10.1,1
23005,23,2016-11,10.1,7.5,10.1,1
23005,23,2016-12,10.1,7.5,10.1,1
23005,23,2017-01,10.68,9.0,10.68,1
23005,23,2017-02,10.68,9.0,10.68,1
23005,23,2017-03,10.68,9.0,10.68,1
23005,23,2017-04,10.68,9.0,10.68,1
23005,23,2017-05,10.68,9.0,10.68,1
23005,23,2017-06,10.68,9.0,10.68,1
23005,23,2017-07,10.68,9.0,10.68,1
23005,23,2017-08,10.68,9.0,10.68,1
23005,23,2017-09,10.68,9.0,10.68,1
23005,23,2017-10,10.68,9.0,10.68,1
23005,23,2017-11,10.68,9.0,10.68,1
23005,23,2017-12,10.68,9.0,10.68,1
23005,23,2018-01,10.68,10.0,10.68,1
23005,23,2018-02,10.68,10.0,10.68,1
23005,23,2018-03,10.68,10.0,10.68,1
23005,23,2018-04,10.68,10.0,10.68,1
23005,23,2018-05,10.68,10.0,10.68,1
23005,23,2018-06,10.68,10.0,10.68,1
23005,23,2018-07,10.9,10.0,10.9,1
23005,23,2018-08,10.9,10.0,10.9,1
23005,23,2018-09,10.9,10.0,10.9,1
23005,23,2018-10,10.9,10.0,10.9,1
23005,23,2018-11,10.9,10.0,10.9,1
23005,23,2018-12,10.9,10.0,10.9,1
23005,23,2019-01,11.0,11.0,11.0,0
23005,23,2019-02,11.0,11.0,11.0,0
23005,23,2019-03,11.0,11.0,11.0,0
23005,23,2019-04,11.0,11.0,11.0,0
23005,23,2019-05,11.0,11.0,11.0,0
23005,23,2019-06,11.0,11.0,11.0,0
23005,23,2019-07,11.0,11.0,11.0,0
23005,23,2019-08,11.0,11.0,11.0,0
23005,23,2019-09,11.0,11.0,11.0,0
23005,23,2019-10,11.0,11.0,11.0,0
23005,23,2019-11,11.0,11.0,11.0,0
23005,23,2019-12,11.0,11.0,11.0,0
23005,23,2020-01,12.0,12.0,12.0,0
23005,23,2020-02,12.0,12.0,12.0,0
23005,23,2020-03,12.0,12.0,12.0,0
23005,23,2020-04,12.0,12.0,12.0,0
23005,23,2020-05,12.0,12.0,12.0,0
23005,23,2020-06,12.0,12.0,12.0,0
23005,23,2020-07,12.0,12.0,12.0,0
23005,23,2020-08,12.0,12.0,12.0,0
23005,23,2020-09,12.0,12.0,12.0,0
23005,23,2020-10,12.0,12.0,12.0,0
23005,23,2020-11,12.0,12.0,12.0,0
23005,23,2020-12,12.0,12.0,12.0,0
23005,23,2021-01,12.15,12.15,12.15,0
23005,23,2021-02,12.15,12.15,12.15,0
23005,23,2021-03,12.15,12.15,12.15,0
23005,23,2021-04,12.15,12.15,12.15,0
23005,23,2021-05,12.15,12.15,12.15,0
23005,23,2021-06,12.15,12.15,12.15,0
23005,23,2021-07,12.15,12.15,12.15,0
23005,23,2021-08,12.15,12.15,12.15,0
23005,23,2021-09,12.15,12.15,12.15,0
23005,23,2021-10,12.15,12.15,12.15,0
23005,23,2021-11,12.15,12.15,12.15,0
23005,23,2021-12,12.15,12.15,12.15,0
23005,23,2022-01,13.0,12.75,13.0,1
23005,23,2022-02,13.0,12.75,13.0,1
23005,23,2022-03,13.0,12.75,13.0,1
23005,23,2022-04,13.0,12.75,13.0,1
23005,23,2022-05,13.0,12.75,13.0,1
23005,23,2022-06,13.0,12.75,13.0,1
23005,23,2022-07,13.0,12.75,13.0,1
23005,23,2022-08,13.0,12.75,13.0,1
23005,23,2022-09,13.0,12.75,13.0,1
23005,23,2022-10,13.0,12.75,13.0,1
23005,23,2022-11,13.0,12.75,13.0,1
23005,23,2022-12,13.0,12.75,13.0,1
23005,23,2023-01,13.0,13.8,13.8,0
23005,23,2023-02,13.0,13.8,13.8,0
23005,23,2023-03,13.0,13.8,13.8,0
23005,23,2023-04,13.0,13.8,13.8,0
23005,23,2023-05,13.0,13.8,13.8,0
23005,23,2023-06,13.0,13.8,13.8,0
23005,23,2023-07,13.0,13.8,13.8,0
23005,23,2023-08,13.0,13.8,13.8,0
23005,23,2023-09,13.0,13.8,13.8,0
23005,23,2023-10,13.0,13.8,13.8,0
23005,23,2023-11,13.0,13.8,13.8,0
23005,23,2023-12,13.0,13.8,13.8,0
23005,23,2024-01,13.0,14.15,14.15,0
23005,23,2024-02,13.0,14.15,14.15,0
23005,23,2024-03,13.0,14.15,14.15,0
23005,23,2024-04,13.0,14.15,14.15,0
23005,23,2024-05,13.0,14.15,14.15,0
23005,23,2024-06,13.0,14.15,14.15,0
23005,23,2024-07,13.0,14.15,14.15,0
23005,23,2024-08,13.0,14.15,14.15,0
23005,23,2024-09,13.0,14.15,14.15,0
23005,23,2024-10,13.0,14.15,14.15,0
23005,23,2024-11,13.0,14.15,14.15,0
23005,23,2024-12,13.0,14.15,14.15,0
23005,23,2025-01,13.0,14.65,14.65,0
23005,23,2025-02,13.0,14.65,14.65,0
23005,23,2025-03,13.0,14.65,14.65,0
23005,23,2025-04,13.0,14.65,14.65,0
23005,23,2025-05,13.0,14.65,14.65,0
23005,23,2025-06,13.0,14.65,14.65,0
23005,23,2025-07,13.0,14.65,14.65,0
23005,23,2025-08,13.0,14.65,14.65,0
23005,23,2025-09,13.0,14.65,14.65,0
23005,23,2025-10,13.0,14.65,14.65,0
23005,23,2025-11,13.0,14.65,14.65,0
23005,23,2025-12,13.0,14.65,14.65,0
24031,24,2014-10,8.4,7.25,8.4,1
24031,24,2014-11,8.4,7.25,8.4,1
24031,24,2014-12,8.4,7.25,8.4,1
24031,24,2015-01,8.4,8.0,8.4,1
24031,24,2015-02,8.4,8.0,8.4,1
24031,24,2015-03,8.4,8.0,8.4,1
24031,24,2015-04,8.4,8.0,8.4,1
24031,24,2015-05,8.4,8.0,8.4,1
24031,24,2015-06,8.4,8.0,8.4,1
24031,24,2015-07,8.4,8.25,8.4,1
24031,24,2015-08,8.4,8.25,8.4,1
24031,24,2015-09,8.4,8.25,8.4,1
24031,24,2015-10,9.55,8.25,9.55,1
24031,24,2015-11,9.55,8.25,9.55,1
24031,24,2015-12,9.55,8.25,9.55,1
24031,24,2016-01,9.55,8.25,9.55,1
24031,24,2016-02,9.55,8.25,9.55,1
24031,24,2016-03,9.55,8.25,9.55,1
24031,24,2016-04,9.55,8.25,9.55,1
24031,24,2016-05,9.55,8.25,9.55,1
24031,24,2016-06,9.55,8.25,9.55,1
24031,24,2016-07,10.75,8.75,10.75,1
24031,24,2016-08,10.75,8.75,10.75,1
24031,24,2016-09,10.75,8.75,10.75,1
24031,24,2016-10,10.75,8.75,10.75,1
24031,24,2016-11,10.75,8.75,10.75,1
24031,24,2016-12,10.75,8.75,10.75,1
24031,24,2017-01,10.75,8.75,10.75,1
24031,24,2017-02,10.75,8.75,10.75,1
24031,24,2017-03,10.75,8.75,10.75,1
24031,24,2017-04,10.75,8.75,10.75,1
24031,24,2017-05,10.75,8.75,10.75,1
24031,24,2017-06,10.75,8.75,10.75,1
24031,24,2017-07,11.5,9.25,11.5,1
24031,24,2017-08,11.5,9.25,11.5,1
24031,24,2017-09,11.5,9.25,11.5,1
24031,24,2017-10,11.5,9.25,11.5,1
24031,24,2017-11,11.5,9.25,11.5,1
24031,24,2017-12,11.5,9.25,11.5,1
24031,24,2018-01,11.5,9.25,11.5,1
24031,24,2018-02,11.5,9.25,11.5,1
24031,24,2018-03,11.5,9.25,11.5,1
24031,24,2018-04,11.5,9.25,11.5,1
24031,24,2018-05,11.5,9.25,11.5,1
24031,24,2018-06,11.5,9.25,11.5,1
24031,24,2018-07,12.25,10.1,12.25,1
24031,24,2018-08,12.25,10.1,12.25,1
24031,24,2018-09,12.25,10.1,12.25,1
24031,24,2018-10,12.25,10.1,12.25,1
24031,24,2018-11,12.25,10.1,12.25,1
24031,24,2018-12,12.25,10.1,12.25,1
24031,24,2019-01,12.25,10.1,12.25,1
24031,24,2019-02,12.25,10.1,12.25,1
24031,24,2019-03,12.25,10.1,12.25,1
24031,24,2019-04,12.25,10.1,12.25,1
24031,24,2019-05,12.25,10.1,12.25,1
24031,24,2019-06,12.25,10.1,12.25,1
24031,24,2019-07,13.0,10.1,13.0,1
24031,24,2019-08,13.0,10.1,13.0,1
24031,24,2019-09,13.0,10.1,13.0,1
24031,24,2019-10,13.0,10.1,13.0,1
24031,24,2019-11,13.0,10.1,13.0,1
24031,24,2019-12,13.0,10.1,13.0,1
24031,24,2020-01,13.0,11.0,13.0,1
24031,24,2020-02,13.0,11.0,13.0,1
24031,24,2020-03,13.0,11.0,13.0,1
24031,24,2020-04,13.0,11.0,13.0,1
24031,24,2020-05,13.0,11.0,13.0,1
24031,24,2020-06,13.0,11.0,13.0,1
24031,24,2020-07,14.0,11.0,14.0,1
24031,24,2020-08,14.0,11.0,14.0,1
24031,24,2020-09,14.0,11.0,14.0,1
24031,24,2020-10,14.0,11.0,14.0,1
24031,24,2020-11,14.0,11.0,14.0,1
24031,24,2020-12,14.0,11.0,14.0,1
24031,24,2021-01,14.0,11.75,14.0,1
24031,24,2021-02,14.0,11.75,14.0,1
24031,24,2021-03,14.0,11.75,14.0,1
24031,24,2021-04,14.0,11.75,14.0,1
24031,24,2021-05,14.0,11.75,14.0,1
24031,24,2021-06,14.0,11.75,14.0,1
24031,24,2021-07,15.0,11.75,15.0,1
24031,24,2021-08,15.0,11.75,15.0,1
24031,24,2021-09,15.0,11.75,15.0,1
24031,24,2021-10,15.0,11.75,15.0,1
24031,24,2021-11,15.0,11.75,15.0,1
24031,24,2021-12,15.0,11.75,15.0,1
24031,24,2022-01,15.0,12.5,15.0,1
24031,24,2022-02,15.0,12.5,15.0,1
24031,24,2022-03,15.0,12.5,15.0,1
24031,24,2022-04,15.0,12.5,15.0,1
24031,24,2022-05,15.0,12.5,15.0,1
24031,24,2022-06,15.0,12.5,15.0,1
24031,24,2022-07,15.0,12.5,15.0,1
24031,24,2022-08,15.0,12.5,15.0,1
24031,24,2022-09,15.0,12.5,15.0,1
24031,24,2022-10,15.0,12.5,15.0,1
24031,24,2022-11,15.0,12.5,15.0,1
24031,24,2022-12,15.0,12.5,15.0,1
24031,24,2023-01,15.0,13.25,15.0,1
24031,24,2023-02,15.0,13.25,15.0,1
24031,24,2023-03,15.0,13.25,15.0,1
24031,24,2023-04,15.0,13.25,15.0,1
24031,24,2023-05,15.0,13.25,15.0,1
24031,24,2023-06,15.0,13.25,15.0,1
24031,24,2023-07,15.0,13.25,15.0,1
24031,24,2023-08,15.0,13.25,15.0,1
24031,24,2023-09,15.0,13.25,15.0,1
24031,24,2023-10,15.0,13.25,15.0,1
24031,24,2023-11,15.0,13.25,15.0,1
24031,24,2023-12,15.0,13.25,15.0,1
24031,24,2024-01,15.0,14.0,15.0,1
24031,24,2024-02,15.0,14.0,15.0,1
24031,24,2024-03,15.0,14.0,15.0,1
24031,24,2024-04,15.0,14.0,15.0,1
24031,24,2024-05,15.0,14.0,15.0,1
24031,24,2024-06,15.0,14.0,15.0,1
24031,24,2024-07,15.0,14.0,15.0,1
24031,24,2024-08,15.0,14.0,15.0,1
24031,24,2024-09,15.0,14.0,15.0,1
24031,24,2024-10,15.0,14.0,15.0,1
24031,24,2024-11,15.0,14.0,15.0,1
24031,24,2024-12,15.0,14.0,15.0,1
24031,24,2025-01,15.0,15.0,15.0,0
24031,24,2025-02,15.0,15.0,15.0,0
24031,24,2025-03,15.0,15.0,15.0,0
24031,24,2025-04,15.0,15.0,15.0,0
24031,24,2025-05,15.0,15.0,15.0,0
24031,24,2025-06,15.0,15.0,15.0,0
24031,24,2025-07,15.0,15.0,15.0,0
24031,24,2025-08,15.0,15.0,15.0,0
24031,24,2025-09,15.0,15.0,15.0,0
24031,24,2025-10,15.0,15.0,15.0,0
24031,24,2025-11,15.0,15.0,15.0,0
24031,24,2025-12,15.0,15.0,15.0,0
24033,24,2014-10,8.4,7.25,8.4,1
24033,24,2014-11,8.4,7.25,8.4,1
24033,24,2014-12,8.4,7.25,8.4,1
24033,24,2015-01,8.4,8.0,8.4,1
24033,24,2015-02,8.4,8.0,8.4,1
24033,24,2015-03,8.4,8.0,8.4,1
24033,24,2015-04,8.4,8.0,8.4,1
24033,24,2015-05,8.4,8.0,8.4,1
24033,24,2015-06,8.4,8.0,8.4,1
24033,24,2015-07,8.4,8.25,8.4,1
24033,24,2015-08,8.4,8.25,8.4,1
24033,24,2015-09,8.4,8.25,8.4,1
24033,24,2015-10,9.55,8.25,9.55,1
24033,24,2015-11,9.55,8.25,9.55,1
24033,24,2015-12,9.55,8.25,9.55,1
24033,24,2016-01,9.55,8.25,9.55,1
24033,24,2016-02,9.55,8.25,9.55,1
24033,24,2016-03,9.55,8.25,9.55,1
24033,24,2016-04,9.55,8.25,9.55,1
24033,24,2016-05,9.55,8.25,9.55,1
24033,24,2016-06,9.55,8.25,9.55,1
24033,24,2016-07,9.55,8.75,9.55,1
24033,24,2016-08,9.55,8.75,9.55,1
24033,24,2016-09,9.55,8.75,9.55,1
24033,24,2016-10,10.75,8.75,10.75,1
24033,24,2016-11,10.75,8.75,10.75,1
24033,24,2016-12,10.75,8.75,10.75,1
24033,24,2017-01,10.75,8.75,10.75,1
24033,24,2017-02,10.75,8.75,10.75,1
24033,24,2017-03,10.75,8.75,10.75,1
24033,24,2017-04,10.75,8.75,10.75,1
24033,24,2017-05,10.75,8.75,10.75,1
24033,24,2017-06,10.75,8.75,10.75,1
24033,24,2017-07,10.75,9.25,10.75,1
24033,24,2017-08,10.75,9.25,10.75,1
24033,24,2017-09,10.75,9.25,10.75,1
24033,24,2017-10,11.5,9.25,11.5,1
24033,24,2017-11,11.5,9.25,11.5,1
24033,24,2017-12,11.5,9.25,11.5,1
24033,24,2018-01,11.5,9.25,11.5,1
24033,24,2018-02,11.5,9.25,11.5,1
24033,24,2018-03,11.5,9.25,11.5,1
24033,24,2018-04,11.5,9.25,11.5,1
24033,24,2018-05,11.5,9.25,11.5,1
24033,24,2018-06,11.5,9.25,11.5,1
24033,24,2018-07,11.5,10.1,11.5,1
24033,24,2018-08,11.5,10.1,11.5,1
24033,24,2018-09,11.5,10.1,11.5,1
24033,24,2018-10,11.5,10.1,11.5,1
24033,24,2018-11,11.5,10.1,11.5,1
24033,24,2018-12,11.5,10.1,11.5,1
24033,24,2019-01,11.5,10.1,11.5,1
24033,24,2019-02,11.5,10.1,11.5,1
24033,24,2019-03,11.5,10.1,11.5,1
24033,24,2019-04,11.5,10.1,11.5,1
24033,24,2019-05,11.5,10.1,11.5,1
24033,24,2019-06,11.5,10.1,11.5,1
24033,24,2019-07,11.5,10.1,11.5,1
24033,24,2019-08,11.5,10.1,11.5,1
24033,24,2019-09,11.5,10.1,11.5,1
24033,24,2019-10,11.5,10.1,11.5,1
24033,24,2019-11,11.5,10.1,11.5,1
24033,24,2019-12,11.5,10.1,11.5,1
24033,24,2020-01,11.5,11.0,11.5,1
24033,24,2020-02,11.5,11.0,11.5,1
24033,24,2020-03,11.5,11.0,11.5,1
24033,24,2020-04,11.5,11.0,11.5,1
24033,24,2020-05,11.5,11.0,11.5,1
24033,24,2020-06,11.5,11.0,11.5,1
24033,24,2020-07,11.5,11.0,11.5,1
24033,24,2020-08,11.5,11.0,11.5,1
24033,24,2020-09,11.5,11.0,11.5,1
24033,24,2020-10,11.5,11.0,11.5,1
24033,24,2020-11,11.5,11.0,11.5,1
24033,24,2020-12,11.5,11.0,11.5,1
24033,24,2021-01,11.5,11.75,11.75,0
24033,24,2021-02,11.5,11.75,11.75,0
24033,24,2021-03,11.5,11.75,11.75,0
24033,24,2021-04,11.5,11.75,11.75,0
24033,24,2021-05,11.5,11.75,11.75,0
24033,24,2021-06,11.5,11.75,11.75,0
24033,24,2021-07,11.5,11.75,11.75,0
24033,24,2021-08,11.5,11.75,11.75,0
24033,24,2021-09,11.5,11.75,11.75,0
24033,24,2021-10,11.5,11.75,11.75,0
24033,24,2021-11,11.5,11.75,11.75,0
24033,24,2021-12,11.5,11.75,11.75,0
24033,24,2022-01,11.5,12.5,12.5,0
24033,24,2022-02,11.5,12.5,12.5,0
24033,24,2022-03,11.5,12.5,12.5,0
24033,24,2022-04,11.5,12.5,12.5,0
24033,24,2022-05,11.5,12.5,12.5,0
24033,24,2022-06,11.5,12.5,12.5,0
24033,24,2022-07,11.5,12.5,12.5,0
24033,24,2022-08,11.5,12.5,12.5,0
24033,24,2022-09,11.5,12.5,12.5,0
24033,24,2022-10,11.5,12.5,12.5,0
24033,24,2022-11,11.5,12.5,12.5,0
24033,24,2022-12,11.5,12.5,12.5,0
24033,24,2023-01,11.5,13.25,13.25,0
24033,24,2023-02,11.5,13.25,13.25,0
24033,24,2023-03,11.5,13.25,13.25,0
24033,24,2023-04,11.5,13.25,13.25,0
24033,24,2023-05,11.5,13.25,13.25,0
24033,24,2023-06,11.5,13.25,13.25,0
24033,24,2023-07,11.5,13.25,13.25,0
24033,24,2023-08,11.5,13.25,13.25,0
24033,24,2023-09,11.5,13.25,13.25,0
24033,24,2023-10,11.5,13.25,13.25,0
24033,24,2023-11,11.5,13.25,13.25,0
24033,24,2023-12,11.5,13.25,13.25,0
24033,24,2024-01,11.5,14.0,14.0,0
24033,24,2024-02,11.5,14.0,14.0,0
24033,24,2024-03,11.5,14.0,14.0,0
24033,24,2024-04,11.5,14.0,14.0,0
24033,24,2024-05,11.5,14.0,14.0,0
24033,24,2024-06,11.5,14.0,14.0,0
24033,24,2024-07,11.5,14.0,14.0,0
24033,24,2024-08,11.5,14.0,14.0,0
24033,24,2024-09,11.5,14.0,14.0,0
24033,24,2024-10,11.5,14.0,14.0,0
24033,24,2024-11,11.5,14.0,14.0,0
24033,24,2024-12,11.5,14.0,14.0,0
24033,24,2025-01,11.5,15.0,15.0,0
24033,24,2025-02,11.5,15.0,15.0,0
24033,24,2025-03,11.5,15.0,15.0,0
24033,24,2025-04,11.5,15.0,15.0,0
24033,24,2025-05,11.5,15.0,15.0,0
24033,24,2025-06,11.5,15.0,15.0,0
24033,24,2025-07,11.5,15.0,15.0,0
24033,24,2025-08,11.5,15.0,15.0,0
24033,24,2025-09,11.5,15.0,15.0,0
24033,24,2025-10,11.5,15.0,15.0,0
24033,24,2025-11,11.5,15.0,15.0,0
24033,24,2025-12,11.5,15.0,15.0,0
27053,27,2018-01,10.0,9.65,10.0,1
27053,27,2018-02,10.0,9.65,10.0,1
27053,27,2018-03,10.0,9.65,10.0,1
27053,27,2018-04,10.0,9.65,10.0,1
27053,27,2018-05,10.0,9.65,10.0,1
27053,27,2018-06,10.0,9.65,10.0,1
27053,27,2018-07,11.25,9.65,11.25,1
27053,27,2018-08,11.25,9.65,11.25,1
27053,27,2018-09,11.25,9.65,11.25,1
27053,27,2018-10,11.25,9.65,11.25,1
27053,27,2018-11,11.25,9.65,11.25,1
27053,27,2018-12,11.25,9.65,11.25,1
27053,27,2019-01,11.25,9.86,11.25,1
27053,27,2019-02,11.25,9.86,11.25,1
27053,27,2019-03,11.25,9.86,11.25,1
27053,27,2019-04,11.25,9.86,11.25,1
27053,27,2019-05,11.25,9.86,11.25,1
27053,27,2019-06,11.25,9.86,11.25,1
27053,27,2019-07,12.25,9.86,12.25,1
27053,27,2019-08,12.25,9.86,12.25,1
27053,27,2019-09,12.25,9.86,12.25,1
27053,27,2019-10,12.25,9.86,12.25,1
27053,27,2019-11,12.25,9.86,12.25,1
27053,27,2019-12,12.25,9.86,12.25,1
27053,27,2020-01,12.25,10.0,12.25,1
27053,27,2020-02,12.25,10.0,12.25,1
27053,27,2020-03,12.25,10.0,12.25,1
27053,27,2020-04,12.25,10.0,12.25,1
27053,27,2020-05,12.25,10.0,12.25,1
27053,27,2020-06,12.25,10.0,12.25,1
27053,27,2020-07,13.25,10.0,13.25,1
27053,27,2020-08,13.25,10.0,13.25,1
27053,27,2020-09,13.25,10.0,13.25,1
27053,27,2020-10,13.25,10.0,13.25,1
27053,27,2020-11,13.25,10.0,13.25,1
27053,27,2020-12,13.25,10.0,13.25,1
27053,27,2021-01,13.25,10.08,13.25,1
27053,27,2021-02,13.25,10.08,13.25,1
27053,27,2021-03,13.25,10.08,13.25,1
27053,27,2021-04,13.25,10.08,13.25,1
27053,27,2021-05,13.25,10.08,13.25,1
27053,27,2021-06,13.25,10.08,13.25,1
27053,27,2021-07,14.25,10.08,14.25,1
27053,27,2021-08,14.25,10.08,14.25,1
27053,27,2021-09,14.25,10.08,14.25,1
27053,27,2021-10,14.25,10.08,14.25,1
27053,27,2021-11,14.25,10.08,14.25,1
27053,27,2021-12,14.25,10.08,14.25,1
27053,27,2022-01,14.25,10.33,14.25,1
27053,27,2022-02,14.25,10.33,14.25,1
27053,27,2022-03,14.25,10.33,14.25,1
27053,27,2022-04,14.25,10.33,14.25,1
27053,27,2022-05,14.25,10.33,14.25,1
27053,27,2022-06,14.25,10.33,14.25,1
27053,27,2022-07,15.0,10.33,15.0,1
27053,27,2022-08,15.0,10.33,15.0,1
27053,27,2022-09,15.0,10.33,15.0,1
27053,27,2022-10,15.0,10.33,15.0,1
27053,27,2022-11,15.0,10.33,15.0,1
27053,27,2022-12,15.0,10.33,15.0,1
27053,27,2023-01,15.0,10.59,15.0,1
27053,27,2023-02,15.0,10.59,15.0,1
27053,27,2023-03,15.0,10.59,15.0,1
27053,27,2023-04,15.0,10.59,15.0,1
27053,27,2023-05,15.0,10.59,15.0,1
27053,27,2023-06,15.0,10.59,15.0,1
27053,27,2023-07,15.0,10.59,15.0,1
27053,27,2023-08,15.0,10.59,15.0,1
27053,27,2023-09,15.0,10.59,15.0,1
27053,27,2023-10,15.0,10.59,15.0,1
27053,27,2023-11,15.0,10.59,15.0,1
27053,27,2023-12,15.0,10.59,15.0,1
27053,27,2024-01,15.0,10.85,15.0,1
27053,27,2024-02,15.0,10.85,15.0,1
27053,27,2024-03,15.0,10.85,15.0,1
27053,27,2024-04,15.0,10.85,15.0,1
27053,27,2024-05,15.0,10.85,15.0,1
27053,27,2024-06,15.0,10.85,15.0,1
27053,27,2024-07,15.0,10.85,15.0,1
27053,27,2024-08,15.0,10.85,15.0,1
27053,27,2024-09,15.0,10.85,15.0,1
27053,27,2024-10,15.0,10.85,15.0,1
27053,27,2024-11,15.0,10.85,15.0,1
27053,27,2024-12,15.0,10.85,15.0,1
27053,27,2025-01,15.0,11.13,15.0,1
27053,27,2025-02,15.0,11.13,15.0,1
27053,27,2025-03,15.0,11.13,15.0,1
27053,27,2025-04,15.0,11.13,15.0,1
27053,27,2025-05,15.0,11.13,15.0,1
27053,27,2025-06,15.0,11.13,15.0,1
27053,27,2025-07,15.0,11.13,15.0,1
27053,27,2025-08,15.0,11.13,15.0,1
27053,27,2025-09,15.0,11.13,15.0,1
27053,27,2025-10,15.0,11.13,15.0,1
27053,27,2025-11,15.0,11.13,15.0,1
27053,27,2025-12,15.0,11.13,15.0,1
27123,27,2020-01,12.5,10.0,12.5,1
27123,27,2020-02,12.5,10.0,12.5,1
27123,27,2020-03,12.5,10.0,12.5,1
27123,27,2020-04,12.5,10.0,12.5,1
27123,27,2020-05,12.5,10.0,12.5,1
27123,27,2020-06,12.5,10.0,12.5,1
27123,27,2020-07,12.5,10.0,12.5,1
27123,27,2020-08,12.5,10.0,12.5,1
27123,27,2020-09,12.5,10.0,12.5,1
27123,27,2020-10,12.5,10.0,12.5,1
27123,27,2020-11,12.5,10.0,12.5,1
27123,27,2020-12,12.5,10.0,12.5,1
27123,27,2021-01,12.5,10.08,12.5,1
27123,27,2021-02,12.5,10.08,12.5,1
27123,27,2021-03,12.5,10.08,12.5,1
27123,27,2021-04,12.5,10.08,12.5,1
27123,27,2021-05,12.5,10.08,12.5,1
27123,27,2021-06,12.5,10.08,12.5,1
27123,27,2021-07,12.5,10.08,12.5,1
27123,27,2021-08,12.5,10.08,12.5,1
27123,27,2021-09,12.5,10.08,12.5,1
27123,27,2021-10,12.5,10.08,12.5,1
27123,27,2021-11,12.5,10.08,12.5,1
27123,27,2021-12,12.5,10.08,12.5,1
27123,27,2022-01,12.5,10.33,12.5,1
27123,27,2022-02,12.5,10.33,12.5,1
27123,27,2022-03,12.5,10.33,12.5,1
27123,27,2022-04,12.5,10.33,12.5,1
27123,27,2022-05,12.5,10.33,12.5,1
27123,27,2022-06,12.5,10.33,12.5,1
27123,27,2022-07,15.0,10.33,15.0,1
27123,27,2022-08,15.0,10.33,15.0,1
27123,27,2022-09,15.0,10.33,15.0,1
27123,27,2022-10,15.0,10.33,15.0,1
27123,27,2022-11,15.0,10.33,15.0,1
27123,27,2022-12,15.0,10.33,15.0,1
27123,27,2023-01,15.0,10.59,15.0,1
27123,27,2023-02,15.0,10.59,15.0,1
27123,27,2023-03,15.0,10.59,15.0,1
27123,27,2023-04,15.0,10.59,15.0,1
27123,27,2023-05,15.0,10.59,15.0,1
27123,27,2023-06,15.0,10.59,15.0,1
27123,27,2023-07,15.0,10.59,15.0,1
27123,27,2023-08,15.0,10.59,15.0,1
27123,27,2023-09,15.0,10.59,15.0,1
27123,27,2023-10,15.0,10.59,15.0,1
27123,27,2023-11,15.0,10.59,15.0,1
27123,27,2023-12,15.0,10.59,15.0,1
27123,27,2024-01,15.0,10.85,15.0,1
27123,27,2024-02,15.0,10.85,15.0,1
27123,27,2024-03,15.0,10.85,15.0,1
27123,27,2024-04,15.0,10.85,15.0,1
27123,27,2024-05,15.0,10.85,15.0,1
27123,27,2024-06,15.0,10.85,15.0,1
27123,27,2024-07,15.0,10.85,15.0,1
27123,27,2024-08,15.0,10.85,15.0,1
27123,27,2024-09,15.0,10.85,15.0,1
27123,27,2024-10,15.0,10.85,15.0,1
27123,27,2024-11,15.0,10.85,15.0,1
27123,27,2024-12,15.0,10.85,15.0,1
27123,27,2025-01,15.0,11.13,15.0,1
27123,27,2025-02,15.0,11.13,15.0,1
27123,27,2025-03,15.0,11.13,15.0,1
27123,27,2025-04,15.0,11.13,15.0,1
27123,27,2025-05,15.0,11.13,15.0,1
27123,27,2025-06,15.0,11.13,15.0,1
27123,27,2025-07,15.0,11.13,15.0,1
27123,27,2025-08,15.0,11.13,15.0,1
27123,27,2025-09,15.0,11.13,15.0,1
27123,27,2025-10,15.0,11.13,15.0,1
27123,27,2025-11,15.0,11.13,15.0,1
27123,27,2025-12,15.0,11.13,15.0,1
35001,35,2007-01,6.75,5.15,6.75,1
35001,35,2007-02,6.75,5.15,6.75,1
35001,35,2007-03,6.75,5.15,6.75,1
35001,35,2007-04,6.75,5.15,6.75,1
35001,35,2007-05,6.75,5.15,6.75,1
35001,35,2007-06,6.75,5.15,6.75,1
35001,35,2007-07,6.75,5.15,6.75,1
35001,35,2007-08,6.75,5.85,6.75,1
35001,35,2007-09,6.75,5.85,6.75,1
35001,35,2007-10,6.75,5.85,6.75,1
35001,35,2007-11,6.75,5.85,6.75,1
35001,35,2007-12,6.75,5.85,6.75,1
35001,35,2008-01,7.15,6.5,7.15,1
35001,35,2008-02,7.15,6.5,7.15,1
35001,35,2008-03,7.15,6.5,7.15,1
35001,35,2008-04,7.15,6.5,7.15,1
35001,35,2008-05,7.15,6.5,7.15,1
35001,35,2008-06,7.15,6.5,7.15,1
35001,35,2008-07,7.15,6.5,7.15,1
35001,35,2008-08,7.15,6.55,7.15,1
35001,35,2008-09,7.15,6.55,7.15,1
35001,35,2008-10,7.15,6.55,7.15,1
35001,35,2008-11,7.15,6.55,7.15,1
35001,35,2008-12,7.15,6.55,7.15,1
35001,35,2009-01,7.5,7.5,7.5,0
35001,35,2009-02,7.5,7.5,7.5,0
35001,35,2009-03,7.5,7.5,7.5,0
35001,35,2009-04,7.5,7.5,7.5,0
35001,35,2009-05,7.5,7.5,7.5,0
35001,35,2009-06,7.5,7.5,7.5,0
35001,35,2009-07,7.5,7.5,7.5,0
35001,35,2009-08,7.5,7.5,7.5,0
35001,35,2009-09,7.5,7.5,7.5,0
35001,35,2009-10,7.5,7.5,7.5,0
35001,35,2009-11,7.5,7.5,7.5,0
35001,35,2009-12,7.5,7.5,7.5,0
35001,35,2010-01,7.5,7.5,7.5,0
35001,35,2010-02,7.5,7.5,7.5,0
35001,35,2010-03,7.5,7.5,7.5,0
35001,35,2010-04,7.5,7.5,7.5,0
35001,35,2010-05,7.5,7.5,7.5,0
35001,35,2010-06,7.5,7.5,7.5,0
35001,35,2010-07,7.5,7.5,7.5,0
35001,35,2010-08,7.5,7.5,7.5,0
35001,35,2010-09,7.5,7.5,7.5,0
35001,35,2010-10,7.5,7.5,7.5,0
35001,35,2010-11,7.5,7.5,7.5,0
35001,35,2010-12,7.5,7.5,7.5,0
35001,35,2011-01,7.5,7.5,7.5,0
35001,35,2011-02,7.5,7.5,7.5,0
35001,35,2011-03,7.5,7.5,7.5,0
35001,35,2011-04,7.5,7.5,7.5,0
35001,35,2011-05,7.5,7.5,7.5,0
35001,35,2011-06,7.5,7.5,7.5,0
35001,35,2011-07,7.5,7.5,7.5,0
35001,35,2011-08,7.5,7.5,7.5,0
35001,35,2011-09,7.5,7.5,7.5,0
35001,35,2011-10,7.5,7.5,7.5,0
35001,35,2011-11,7.5,7.5,7.5,0
35001,35,2011-12,7.5,7.5,7.5,0
35001,35,2012-01,7.5,7.5,7.5,0
35001,35,2012-02,7.5,7.5,7.5,0
35001,35,2012-03,7.5,7.5,7.5,0
35001,35,2012-04,7.5,7.5,7.5,0
35001,35,2012-05,7.5,7.5,7.5,0
35001,35,2012-06,7.5,7.5,7.5,0
35001,35,2012-07,7.5,7.5,7.5,0
35001,35,2012-08,7.5,7.5,7.5,0
35001,35,2012-09,7.5,7.5,7.5,0
35001,35,2012-10,7.5,7.5,7.5,0
35001,35,2012-11,7.5,7.5,7.5,0
35001,35,2012-12,7.5,7.5,7.5,0
35001,35,2013-01,8.5,7.5,8.5,1
35001,35,2013-02,8.5,7.5,8.5,1
35001,35,2013-03,8.5,7.5,8.5,1
35001,35,2013-04,8.5,7.5,8.5,1
35001,35,2013-05,8.5,7.5,8.5,1
35001,35,2013-06,8.5,7.5,8.5,1
35001,35,2013-07,8.5,7.5,8.5,1
35001,35,2013-08,8.5,7.5,8.5,1
35001,35,2013-09,8.5,7.5,8.5,1
35001,35,2013-10,8.5,7.5,8.5,1
35001,35,2013-11,8.5,7.5,8.5,1
35001,35,2013-12,8.5,7.5,8.5,1
35001,35,2014-01,8.6,7.5,8.6,1
35001,35,2014-02,8.6,7.5,8.6,1
35001,35,2014-03,8.6,7.5,8.6,1
35001,35,2014-04,8.6,7.5,8.6,1
35001,35,2014-05,8.6,7.5,8.6,1
35001,35,2014-06,8.6,7.5,8.6,1
35001,35,2014-07,8.6,7.5,8.6,1
35001,35,2014-08,8.6,7.5,8.6,1
35001,35,2014-09,8.6,7.5,8.6,1
35001,35,2014-10,8.6,7.5,8.6,1
35001,35,2014-11,8.6,7.5,8.6,1
35001,35,2014-12,8.6,7.5,8.6,1
35001,35,2015-01,8.75,7.5,8.75,1
35001,35,2015-02,8.75,7.5,8.75,1
35001,35,2015-03,8.75,7.5,8.75,1
35001,35,2015-04,8.75,7.5,8.75,1
35001,35,2015-05,8.75,7.5,8.75,1
35001,35,2015-06,8.75,7.5,8.75,1
35001,35,2015-07,8.75,7.5,8.75,1
35001,35,2015-08,8.75,7.5,8.75,1
35001,35,2015-09,8.75,7.5,8.75,1
35001,35,2015-10,8.75,7.5,8.75,1
35001,35,2015-11,8.75,7.5,8.75,1
35001,35,2015-12,8.75,7.5,8.75,1
35001,35,2016-01,8.75,7.5,8.75,1
35001,35,2016-02,8.75,7.5,8.75,1
35001,35,2016-03,8.75,7.5,8.75,1
35001,35,2016-04,8.75,7.5,8.75,1
35001,35,2016-05,8.75,7.5,8.75,1
35001,35,2016-06,8.75,7.5,8.75,1
35001,35,2016-07,8.75,7.5,8.75,1
35001,35,2016-08,8.75,7.5,8.75,1
35001,35,2016-09,8.75,7.5,8.75,1
35001,35,2016-10,8.75,7.5,8.75,1
35001,35,2016-11,8.75,7.5,8.75,1
35001,35,2016-12,8.75,7.5,8.75,1
35001,35,2017-01,8.8,7.5,8.8,1
35001,35,2017-02,8.8,7.5,8.8,1
35001,35,2017-03,8.8,7.5,8.8,1
35001,35,2017-04,8.8,7.5,8.8,1
35001,35,2017-05,8.8,7.5,8.8,1
35001,35,2017-06,8.8,7.5,8.8,1
35001,35,2017-07,8.8,7.5,8.8,1
35001,35,2017-08,8.8,7.5,8.8,1
35001,35,2017-09,8.8,7.5,8.8,1
35001,35,2017-10,8.8,7.5,8.8,1
35001,35,2017-11,8.8,7.5,8.8,1
35001,35,2017-12,8.8,7.5,8.8,1
35001,35,2018-01,8.95,7.5,8.95,1
35001,35,2018-02,8.95,7.5,8.95,1
35001,35,2018-03,8.95,7.5,8.95,1
35001,35,2018-04,8.95,7.5,8.95,1
35001,35,2018-05,8.95,7.5,8.95,1
35001,35,2018-06,8.95,7.5,8.95,1
35001,35,2018-07,8.95,7.5,8.95,1
35001,35,2018-08,8.95,7.5,8.95,1
35001,35,2018-09,8.95,7.5,8.95,1
35001,35,2018-10,8.95,7.5,8.95,1
35001,35,2018-11,8.95,7.5,8.95,1
35001,35,2018-12,8.95,7.5,8.95,1
35001,35,2019-01,9.2,7.5,9.2,1
35001,35,2019-02,9.2,7.5,9.2,1
35001,35,2019-03,9.2,7.5,9.2,1
35001,35,2019-04,9.2,7.5,9.2,1
35001,35,2019-05,9.2,7.5,9.2,1
35001,35,2019-06,9.2,7.5,9.2,1
35001,35,2019-07,9.2,7.5,9.2,1
35001,35,2019-08,9.2,7.5,9.2,1
35001,35,2019-09,9.2,7.5,9.2,1
35001,35,2019-10,9.2,7.5,9.2,1
35001,35,2019-11,9.2,7.5,9.2,1
35001,35,2019-12,9.2,7.5,9.2,1
35001,35,2020-01,9.35,9.0,9.35,1
35001,35,2020-02,9.35,9.0,9.35,1
35001,35,2020-03,9.35,9.0,9.35,1
35001,35,2020-04,9.35,9.0,9.35,1
35001,35,2020-05,9.35,9.0,9.35,1
35001,35,2020-06,9.35,9.0,9.35,1
35001,35,2020-07,9.35,9.0,9.35,1
35001,35,2020-08,9.35,9.0,9.35,1
35001,35,2020-09,9.35,9.0,9.35,1
35001,35,2020-10,9.35,9.0,9.35,1
35001,35,2020-11,9.35,9.0,9.35,1
35001,35,2020-12,9.35,9.0,9.35,1
35001,35,2021-01,10.5,10.5,10.5,0
35001,35,2021-02,10.5,10.5,10.5,0
35001,35,2021-03,10.5,10.5,10.5,0
35001,35,2021-04,10.5,10.5,10.5,0
35001,35,2021-05,10.5,10.5,10.5,0
35001,35,2021-06,10.5,10.5,10.5,0
35001,35,2021-07,10.5,10.5,10.5,0
35001,35,2021-08,10.5,10.5,10.5,0
35001,35,2021-09,10.5,10.5,10.5,0
35001,35,2021-10,10.5,10.5,10.5,0
35001,35,2021-11,10.5,10.5,10.5,0
35001,35,2021-12,10.5,10.5,10.5,0
35001,35,2022-01,11.5,11.5,11.5,0
35001,35,2022-02,11.5,11.5,11.5,0
35001,35,2022-03,11.5,11.5,11.5,0
35001,35,2022-04,11.5,11.5,11.5,0
35001,35,2022-05,11.5,11.5,11.5,0
35001,35,2022-06,11.5,11.5,11.5,0
35001,35,2022-07,11.5,11.5,11.5,0
35001,35,2022-08,11.5,11.5,11.5,0
35001,35,2022-09,11.5,11.5,11.5,0
35001,35,2022-10,11.5,11.5,11.5,0
35001,35,2022-11,11.5,11.5,11.5,0
35001,35,2022-12,11.5,11.5,11.5,0
35001,35,2023-01,11.5,12.0,12.0,0
35001,35,2023-02,11.5,12.0,12.0,0
35001,35,2023-03,11.5,12.0,12.0,0
35001,35,2023-04,11.5,12.0,12.0,0
35001,35,2023-05,11.5,12.0,12.0,0
35001,35,2023-06,11.5,12.0,12.0,0
35001,35,2023-07,11.5,12.0,12.0,0
35001,35,2023-08,11.5,12.0,12.0,0
35001,35,2023-09,11.5,12.0,12.0,0
35001,35,2023-10,11.5,12.0,12.0,0
35001,35,2023-11,11.5,12.0,12.0,0
35001,35,2023-12,11.5,12.0,12.0,0
35001,35,2024-01,11.5,12.0,12.0,0
35001,35,2024-02,11.5,12.0,12.0,0
35001,35,2024-03,11.5,12.0,12.0,0
35001,35,2024-04,11.5,12.0,12.0,0
35001,35,2024-05,11.5,12.0,12.0,0
35001,35,2024-06,11.5,12.0,12.0,0
35001,35,2024-07,11.5,12.0,12.0,0
35001,35,2024-08,11.5,12.0,12.0,0
35001,35,2024-09,11.5,12.0,12.0,0
35001,35,2024-10,11.5,12.0,12.0,0
35001,35,2024-11,11.5,12.0,12.0,0
35001,35,2024-12,11.5,12.0,12.0,0
35001,35,2025-01,11.5,12.0,12.0,0
35001,35,2025-02,11.5,12.0,12.0,0
35001,35,2025-03,11.5,12.0,12.0,0
35001,35,2025-04,11.5,12.0,12.0,0
35001,35,2025-05,11.5,12.0,12.0,0
35001,35,2025-06,11.5,12.0,12.0,0
35001,35,2025-07,11.5,12.0,12.0,0
35001,35,2025-08,11.5,12.0,12.0,0
35001,35,2025-09,11.5,12.0,12.0,0
35001,35,2025-10,11.5,12.0,12.0,0
35001,35,2025-11,11.5,12.0,12.0,0
35001,35,2025-12,11.5,12.0,12.0,0
35013,35,2015-01,8.4,7.5,8.4,1
35013,35,2015-02,8.4,7.5,8.4,1
35013,35,2015-03,8.4,7.5,8.4,1
35013,35,2015-04,8.4,7.5,8.4,1
35013,35,2015-05,8.4,7.5,8.4,1
35013,35,2015-06,8.4,7.5,8.4,1
35013,35,2015-07,8.4,7.5,8.4,1
35013,35,2015-08,8.4,7.5,8.4,1
35013,35,2015-09,8.4,7.5,8.4,1
35013,35,2015-10,8.4,7.5,8.4,1
35013,35,2015-11,8.4,7.5,8.4,1
35013,35,2015-12,8.4,7.5,8.4,1
35013,35,2016-01,8.4,7.5,8.4,1
35013,35,2016-02,8.4,7.5,8.4,1
35013,35,2016-03,8.4,7.5,8.4,1
35013,35,2016-04,8.4,7.5,8.4,1
35013,35,2016-05,8.4,7.5,8.4,1
35013,35,2016-06,8.4,7.5,8.4,1
35013,35,2016-07,8.4,7.5,8.4,1
35013,35,2016-08,8.4,7.5,8.4,1
35013,35,2016-09,8.4,7.5,8.4,1
35013,35,2016-10,8.4,7.5,8.4,1
35013,35,2016-11,8.4,7.5,8.4,1
35013,35,2016-12,8.4,7.5,8.4,1
35013,35,2017-01,9.2,7.5,9.2,1
35013,35,2017-02,9.2,7.5,9.2,1
35013,35,2017-03,9.2,7.5,9.2,1
35013,35,2017-04,9.2,7.5,9.2,1
35013,35,2017-05,9.2,7.5,9.2,1
35013,35,2017-06,9.2,7.5,9.2,1
35013,35,2017-07,9.2,7.5,9.2,1
35013,35,2017-08,9.2,7.5,9.2,1
35013,35,2017-09,9.2,7.5,9.2,1
35013,35,2017-10,9.2,7.5,9.2,1
35013,35,2017-11,9.2,7.5,9.2,1
35013,35,2017-12,9.2,7.5,9.2,1
35013,35,2018-01,9.2,7.5,9.2,1
35013,35,2018-02,9.2,7.5,9.2,1
35013,35,2018-03,9.2,7.5,9.2,1
35013,35,2018-04,9.2,7.5,9.2,1
35013,35,2018-05,9.2,7.5,9.2,1
35013,35,2018-06,9.2,7.5,9.2,1
35013,35,2018-07,9.2,7.5,9.2,1
35013,35,2018-08,9.2,7.5,9.2,1
35013,35,2018-09,9.2,7.5,9.2,1
35013,35,2018-10,9.2,7.5,9.2,1
35013,35,2018-11,9.2,7.5,9.2,1
35013,35,2018-12,9.2,7.5,9.2,1
35013,35,2019-01,10.1,7.5,10.1,1
35013,35,2019-02,10.1,7.5,10.1,1
35013,35,2019-03,10.1,7.5,10.1,1
35013,35,2019-04,10.1,7.5,10.1,1
35013,35,2019-05,10.1,7.5,10.1,1
35013,35,2019-06,10.1,7.5,10.1,1
35013,35,2019-07,10.1,7.5,10.1,1
35013,35,2019-08,10.1,7.5,10.1,1
35013,35,2019-09,10.1,7.5,10.1,1
35013,35,2019-10,10.1,7.5,10.1,1
35013,35,2019-11,10.1,7.5,10.1,1
35013,35,2019-12,10.1,7.5,10.1,1
35013,35,2020-01,10.25,9.0,10.25,1
35013,35,2020-02,10.25,9.0,10.25,1
35013,35,2020-03,10.25,9.0,10.25,1
35013,35,2020-04,10.25,9.0,10.25,1
35013,35,2020-05,10.25,9.0,10.25,1
35013,35,2020-06,10.25,9.0,10.25,1
35013,35,2020-07,10.25,9.0,10.25,1
35013,35,2020-08,10.25,9.0,10.25,1
35013,35,2020-09,10.25,9.0,10.25,1
35013,35,2020-10,10.25,9.0,10.25,1
35013,35,2020-11,10.25,9.0,10.25,1
35013,35,2020-12,10.25,9.0,10.25,1
35013,35,2021-01,10.5,10.5,10.5,0
35013,35,2021-02,10.5,10.5,10.5,0
35013,35,2021-03,10.5,10.5,10.5,0
35013,35,2021-04,10.5,10.5,10.5,0
35013,35,2021-05,10.5,10.5,10.5,0
35013,35,2021-06,10.5,10.5,10.5,0
35013,35,2021-07,10.5,10.5,10.5,0
35013,35,2021-08,10.5,10.5,10.5,0
35013,35,2021-09,10.5,10.5,10.5,0
35013,35,2021-10,10.5,10.5,10.5,0
35013,35,2021-11,10.5,10.5,10.5,0
35013,35,2021-12,10.5,10.5,10.5,0
35013,35,2022-01,10.5,11.5,11.5,0
35013,35,2022-02,10.5,11.5,11.5,0
35013,35,2022-03,10.5,11.5,11.5,0
35013,35,2022-04,10.5,11.5,11.5,0
35013,35,2022-05,10.5,11.5,11.5,0
35013,35,2022-06,10.5,11.5,11.5,0
35013,35,2022-07,10.5,11.5,11.5,0
35013,35,2022-08,10.5,11.5,11.5,0
35013,35,2022-09,10.5,11.5,11.5,0
35013,35,2022-10,10.5,11.5,11.5,0
35013,35,2022-11,10.5,11.5,11.5,0
35013,35,2022-12,10.5,11.5,11.5,0
35013,35,2023-01,11.5,12.0,12.0,0
35013,35,2023-02,11.5,12.0,12.0,0
35013,35,2023-03,11.5,12.0,12.0,0
35013,35,2023-04,11.5,12.0,12.0,0
35013,35,2023-05,11.5,12.0,12.0,0
35013,35,2023-06,11.5,12.0,12.0,0
35013,35,2023-07,11.5,12.0,12.0,0
35013,35,2023-08,11.5,12.0,12.0,0
35013,35,2023-09,11.5,12.0,12.0,0
35013,35,2023-10,11.5,12.0,12.0,0
35013,35,2023-11,11.5,12.0,12.0,0
35013,35,2023-12,11.5,12.0,12.0,0
35013,35,2024-01,11.5,12.0,12.0,0
35013,35,2024-02,11.5,12.0,12.0,0
35013,35,2024-03,11.5,12.0,12.0,0
35013,35,2024-04,11.5,12.0,12.0,0
35013,35,2024-05,11.5,12.0,12.0,0
35013,35,2024-06,11.5,12.0,12.0,0
35013,35,2024-07,11.5,12.0,12.0,0
35013,35,2024-08,11.5,12.0,12.0,0
35013,35,2024-09,11.5,12.0,12.0,0
35013,35,2024-10,11.5,12.0,12.0,0
35013,35,2024-11,11.5,12.0,12.0,0
35013,35,2024-12,11.5,12.0,12.0,0
35013,35,2025-01,11.5,12.0,12.0,0
35013,35,2025-02,11.5,12.0,12.0,0
35013,35,2025-03,11.5,12.0,12.0,0
35013,35,2025-04,11.5,12.0,12.0,0
35013,35,2025-05,11.5,12.0,12.0,0
35013,35,2025-06,11.5,12.0,12.0,0
35013,35,2025-07,11.5,12.0,12.0,0
35013,35,2025-08,11.5,12.0,12.0,0
35013,35,2025-09,11.5,12.0,12.0,0
35013,35,2025-10,11.5,12.0,12.0,0
35013,35,2025-11,11.5,12.0,12.0,0
35013,35,2025-12,11.5,12.0,12.0,0
35049,35,2004-01,8.5,5.15,8.5,1
35049,35,2004-02,8.5,5.15,8.5,1
35049,35,2004-03,8.5,5.15,8.5,1
35049,35,2004-04,8.5,5.15,8.5,1
35049,35,2004-05,8.5,5.15,8.5,1
35049,35,2004-06,8.5,5.15,8.5,1
35049,35,2004-07,8.5,5.15,8.5,1
35049,35,2004-08,8.5,5.15,8.5,1
35049,35,2004-09,8.5,5.15,8.5,1
35049,35,2004-10,8.5,5.15,8.5,1
35049,35,2004-11,8.5,5.15,8.5,1
35049,35,2004-12,8.5,5.15,8.5,1
35049,35,2005-01,8.5,5.15,8.5,1
35049,35,2005-02,8.5,5.15,8.5,1
35049,35,2005-03,8.5,5.15,8.5,1
35049,35,2005-04,8.5,5.15,8.5,1
35049,35,2005-05,8.5,5.15,8.5,1
35049,35,2005-06,8.5,5.15,8.5,1
35049,35,2005-07,8.5,5.15,8.5,1
35049,35,2005-08,8.5,5.15,8.5,1
35049,35,2005-09,8.5,5.15,8.5,1
35049,35,2005-10,8.5,5.15,8.5,1
35049,35,2005-11,8.5,5.15,8.5,1
35049,35,2005-12,8.5,5.15,8.5,1
35049,35,2006-01,9.5,5.15,9.5,1
35049,35,2006-02,9.5,5.15,9.5,1
35049,35,2006-03,9.5,5.15,9.5,1
35049,35,2006-04,9.5,5.15,9.5,1
35049,35,2006-05,9.5,5.15,9.5,1
35049,35,2006-06,9.5,5.15,9.5,1
35049,35,2006-07,9.5,5.15,9.5,1
35049,35,2006-08,9.5,5.15,9.5,1
35049,35,2006-09,9.5,5.15,9.5,1
35049,35,2006-10,9.5,5.15,9.5,1
35049,35,2006-11,9.5,5.15,9.5,1
35049,35,2006-12,9.5,5.15,9.5,1
35049,35,2007-01,9.5,5.15,9.5,1
35049,35,2007-02,9.5,5.15,9.5,1
35049,35,2007-03,9.5,5.15,9.5,1
35049,35,2007-04,9.5,5.15,9.5,1
35049,35,2007-05,9.5,5.15,9.5,1
35049,35,2007-06,9.5,5.15,9.5,1
35049,35,2007-07,9.5,5.15,9.5,1
35049,35,2007-08,9.5,5.85,9.5,1
35049,35,2007-09,9.5,5.85,9.5,1
35049,35,2007-10,9.5,5.85,9.5,1
35049,35,2007-11,9.5,5.85,9.5,1
35049,35,2007-12,9.5,5.85,9.5,1
35049,35,2008-01,9.5,6.5,9.5,1
35049,35,2008-02,9.5,6.5,9.5,1
35049,35,2008-03,9.5,6.5,9.5,1
35049,35,2008-04,9.5,6.5,9.5,1
35049,35,2008-05,9.5,6.5,9.5,1
35049,35,2008-06,9.5,6.5,9.5,1
35049,35,2008-07,9.5,6.5,9.5,1
35049,35,2008-08,9.5,6.55,9.5,1
35049,35,2008-09,9.5,6.55,9.5,1
35049,35,2008-10,9.5,6.55,9.5,1
35049,35,2008-11,9.5,6.55,9.5,1
35049,35,2008-12,9.5,6.55,9.5,1
35049,35,2009-01,9.5,7.5,9.5,1
35049,35,2009-02,9.5,7.5,9.5,1
35049,35,2009-03,9.5,7.5,9.5,1
35049,35,2009-04,9.5,7.5,9.5,1
35049,35,2009-05,9.5,7.5,9.5,1
35049,35,2009-06,9.5,7.5,9.5,1
35049,35,2009-07,9.5,7.5,9.5,1
35049,35,2009-08,9.5,7.5,9.5,1
35049,35,2009-09,9.5,7.5,9.5,1
35049,35,2009-10,9.5,7.5,9.5,1
35049,35,2009-11,9.5,7.5,9.5,1
35049,35,2009-12,9.5,7.5,9.5,1
35049,35,2010-01,9.5,7.5,9.5,1
35049,35,2010-02,9.5,7.5,9.5,1
35049,35,2010-03,9.5,7.5,9.5,1
35049,35,2010-04,9.5,7.5,9.5,1
35049,35,2010-05,9.5,7.5,9.5,1
35049,35,2010-06,9.5,7.5,9.5,1
35049,35,2010-07,9.5,7.5,9.5,1
35049,35,2010-08,9.5,7.5,9.5,1
35049,35,2010-09,9.5,7.5,9.5,1
35049,35,2010-10,9.5,7.5,9.5,1
35049,35,2010-11,9.5,7.5,9.5,1
35049,35,2010-12,9.5,7.5,9.5,1
35049,35,2011-01,9.5,7.5,9.5,1
35049,35,2011-02,9.5,7.5,9.5,1
35049,35,2011-03,9.5,7.5,9.5,1
35049,35,2011-04,9.5,7.5,9.5,1
35049,35,2011-05,9.5,7.5,9.5,1
35049,35,2011-06,9.5,7.5,9.5,1
35049,35,2011-07,9.5,7.5,9.5,1
35049,35,2011-08,9.5,7.5,9.5,1
35049,35,2011-09,9.5,7.5,9.5,1
35049,35,2011-10,9.5,7.5,9.5,1
35049,35,2011-11,9.5,7.5,9.5,1
35049,35,2011-12,9.5,7.5,9.5,1
35049,35,2012-01,9.5,7.5,9.5,1
35049,35,2012-02,9.5,7.5,9.5,1
35049,35,2012-03,10.29,7.5,10.29,1
35049,35,2012-04,10.29,7.5,10.29,1
35049,35,2012-05,10.29,7.5,10.29,1
35049,35,2012-06,10.29,7.5,10.29,1
35049,35,2012-07,10.29,7.5,10.29,1
35049,35,2012-08,10.29,7.5,10.29,1
35049,35,2012-09,10.29,7.5,10.29,1
35049,35,2012-10,10.29,7.5,10.29,1
35049,35,2012-11,10.29,7.5,10.29,1
35049,35,2012-12,10.29,7.5,10.29,1
35049,35,2013-01,10.29,7.5,10.29,1
35049,35,2013-02,10.29,7.5,10.29,1
35049,35,2013-03,10.51,7.5,10.51,1
35049,35,2013-04,10.51,7.5,10.51,1
35049,35,2013-05,10.51,7.5,10.51,1
35049,35,2013-06,10.51,7.5,10.51,1
35049,35,2013-07,10.51,7.5,10.51,1
35049,35,2013-08,10.51,7.5,10.51,1
35049,35,2013-09,10.51,7.5,10.51,1
35049,35,2013-10,10.51,7.5,10.51,1
35049,35,2013-11,10.51,7.5,10.51,1
35049,35,2013-12,10.51,7.5,10.51,1
35049,35,2014-01,10.51,7.5,10.51,1
35049,35,2014-02,10.51,7.5,10.51,1
35049,35,2014-03,10.66,7.5,10.66,1
35049,35,2014-04,10.66,7.5,10.66,1
35049,35,2014-05,10.66,7.5,10.66,1
35049,35,2014-06,10.66,7.5,10.66,1
35049,35,2014-07,10.66,7.5,10.66,1
35049,35,2014-08,10.66,7.5,10.66,1
35049,35,2014-09,10.66,7.5,10.66,1
35049,35,2014-10,10.66,7.5,10.66,1
35049,35,2014-11,10.66,7.5,10.66,1
35049,35,2014-12,10.66,7.5,10.66,1
35049,35,2015-01,10.66,7.5,10.66,1
35049,35,2015-02,10.66,7.5,10.66,1
35049,35,2015-03,10.84,7.5,10.84,1
35049,35,2015-04,10.84,7.5,10.84,1
35049,35,2015-05,10.84,7.5,10.84,1
35049,35,2015-06,10.84,7.5,10.84,1
35049,35,2015-07,10.84,7.5,10.84,1
35049,35,2015-08,10.84,7.5,10.84,1
35049,35,2015-09,10.84,7.5,10.84,1
35049,35,2015-10,10.84,7.5,10.84,1
35049,35,2015-11,10.84,7.5,10.84,1
35049,35,2015-12,10.84,7.5,10.84,1
35049,35,2016-01,10.84,7.5,10.84,1
35049,35,2016-02,10.84,7.5,10.84,1
35049,35,2016-03,10.91,7.5,10.91,1
35049,35,2016-04,10.91,7.5,10.91,1
35049,35,2016-05,10.91,7.5,10.91,1
35049,35,2016-06,10.91,7.5,10.91,1
35049,35,2016-07,10.91,7.5,10.91,1
35049,35,2016-08,10.91,7.5,10.91,1
35049,35,2016-09,10.91,7.5,10.91,1
35049,35,2016-10,10.91,7.5,10.91,1
35049,35,2016-11,10.91,7.5,10.91,1
35049,35,2016-12,10.91,7.5,10.91,1
35049,35,2017-01,10.91,7.5,10.91,1
35049,35,2017-02,10.91,7.5,10.91,1
35049,35,2017-03,11.09,7.5,11.09,1
35049,35,2017-04,11.09,7.5,11.09,1
35049,35,2017-05,11.09,7.5,11.09,1
35049,35,2017-06,11.09,7.5,11.09,1
35049,35,2017-07,11.09,7.5,11.09,1
35049,35,2017-08,11.09,7.5,11.09,1
35049,35,2017-09,11.09,7.5,11.09,1
35049,35,2017-10,11.09,7.5,11.09,1
35049,35,2017-11,11.09,7.5,11.09,1
35049,35,2017-12,11.09,7.5,11.09,1
35049,35,2018-01,11.09,7.5,11.09,1
35049,35,2018-02,11.09,7.5,11.09,1
35049,35,2018-03,11.4,7.5,11.4,1
35049,35,2018-04,11.4,7.5,11.4,1
35049,35,2018-05,11.4,7.5,11.4,1
35049,35,2018-06,11.4,7.5,11.4,1
35049,35,2018-07,11.4,7.5,11.4,1
35049,35,2018-08,11.4,7.5,11.4,1
35049,35,2018-09,11.4,7.5,11.4,1
35049,35,2018-10,11.4,7.5,11.4,1
35049,35,2018-11,11.4,7.5,11.4,1
35049,35,2018-12,11.4,7.5,11.4,1
35049,35,2019-01,11.4,7.5,11.4,1
35049,35,2019-02,11.4,7.5,11.4,1
35049,35,2019-03,11.8,7.5,11.8,1
35049,35,2019-04,11.8,7.5,11.8,1
35049,35,2019-05,11.8,7.5,11.8,1
35049,35,2019-06,11.8,7.5,11.8,1
35049,35,2019-07,11.8,7.5,11.8,1
35049,35,2019-08,11.8,7.5,11.8,1
35049,35,2019-09,11.8,7.5,11.8,1
35049,35,2019-10,11.8,7.5,11.8,1
35049,35,2019-11,11.8,7.5,11.8,1
35049,35,2019-12,11.8,7.5,11.8,1
35049,35,2020-01,11.8,9.0,11.8,1
35049,35,2020-02,11.8,9.0,11.8,1
35049,35,2020-03,12.1,9.0,12.1,1
35049,35,2020-04,12.1,9.0,12.1,1
35049,35,2020-05,12.1,9.0,12.1,1
35049,35,2020-06,12.1,9.0,12.1,1
35049,35,2020-07,12.1,9.0,12.1,1
35049,35,2020-08,12.1,9.0,12.1,1
35049,35,2020-09,12.1,9.0,12.1,1
35049,35,2020-10,12.1,9.0,12.1,1
35049,35,2020-11,12.1,9.0,12.1,1
35049,35,2020-12,12.1,9.0,12.1,1
35049,35,2021-01,12.1,10.5,12.1,1
35049,35,2021-02,12.1,10.5,12.1,1
35049,35,2021-03,12.32,10.5,12.32,1
35049,35,2021-04,12.32,10.5,12.32,1
35049,35,2021-05,12.32,10.5,12.32,1
35049,35,2021-06,12.32,10.5,12.32,1
35049,35,2021-07,12.32,10.5,12.32,1
35049,35,2021-08,12.32,10.5,12.32,1
35049,35,2021-09,12.32,10.5,12.32,1
35049,35,2021-10,12.32,10.5,12.32,1
35049,35,2021-11,12.32,10.5,12.32,1
35049,35,2021-12,12.32,10.5,12.32,1
35049,35,2022-01,12.32,11.5,12.32,1
35049,35,2022-02,12.32,11.5,12.32,1
35049,35,2022-03,12.95,11.5,12.95,1
35049,35,2022-04,12.95,11.5,12.95,1
35049,35,2022-05,12.95,11.5,12.95,1
35049,35,2022-06,12.95,11.5,12.95,1
35049,35,2022-07,12.95,11.5,12.95,1
35049,35,2022-08,12.95,11.5,12.95,1
35049,35,2022-09,12.95,11.5,12.95,1
35049,35,2022-10,12.95,11.5,12.95,1
35049,35,2022-11,12.95,11.5,12.95,1
35049,35,2022-12,12.95,11.5,12.95,1
35049,35,2023-01,12.95,12.0,12.95,1
35049,35,2023-02,12.95,12.0,12.95,1
35049,35,2023-03,12.95,12.0,12.95,1
35049,35,2023-04,12.95,12.0,12.95,1
35049,35,2023-05,12.95,12.0,12.95,1
35049,35,2023-06,12.95,12.0,12.95,1
35049,35,2023-07,12.95,12.0,12.95,1
35049,35,2023-08,12.95,12.0,12.95,1
35049,35,2023-09,12.95,12.0,12.95,1
35049,35,2023-10,12.95,12.0,12.95,1
35049,35,2023-11,12.95,12.0,12.95,1
35049,35,2023-12,12.95,12.0,12.95,1
35049,35,2024-01,12.95,12.0,12.95,1
35049,35,2024-02,12.95,12.0,12.95,1
35049,35,2024-03,12.95,12.0,12.95,1
35049,35,2024-04,12.95,12.0,12.95,1
35049,35,2024-05,12.95,12.0,12.95,1
35049,35,2024-06,12.95,12.0,12.95,1
35049,35,2024-07,12.95,12.0,12.95,1
35049,35,2024-08,12.95,12.0,12.95,1
35049,35,2024-09,12.95,12.0,12.95,1
35049,35,2024-10,12.95,12.0,12.95,1
35049,35,2024-11,12.95,12.0,12.95,1
35049,35,2024-12,12.95,12.0,12.95,1
35049,35,2025-01,12.95,12.0,12.95,1
35049,35,2025-02,12.95,12.0,12.95,1
35049,35,2025-03,12.95,12.0,12.95,1
35049,35,2025-04,12.95,12.0,12.95,1
35049,35,2025-05,12.95,12.0,12.95,1
35049,35,2025-06,12.95,12.0,12.95,1
35049,35,2025-07,12.95,12.0,12.95,1
35049,35,2025-08,12.95,12.0,12.95,1
35049,35,2025-09,12.95,12.0,12.95,1
35049,35,2025-10,12.95,12.0,12.95,1
35049,35,2025-11,12.95,12.0,12.95,1
35049,35,2025-12,12.95,12.0,12.95,1
36005,36,2017-01,11.0,9.7,11.0,1
36005,36,2017-02,11.0,9.7,11.0,1
36005,36,2017-03,11.0,9.7,11.0,1
36005,36,2017-04,11.0,9.7,11.0,1
36005,36,2017-05,11.0,9.7,11.0,1
36005,36,2017-06,11.0,9.7,11.0,1
36005,36,2017-07,11.0,9.7,11.0,1
36005,36,2017-08,11.0,9.7,11.0,1
36005,36,2017-09,11.0,9.7,11.0,1
36005,36,2017-10,11.0,9.7,11.0,1
36005,36,2017-11,11.0,9.7,11.0,1
36005,36,2017-12,11.0,9.7,11.0,1
36005,36,2018-01,13.0,10.4,13.0,1
36005,36,2018-02,13.0,10.4,13.0,1
36005,36,2018-03,13.0,10.4,13.0,1
36005,36,2018-04,13.0,10.4,13.0,1
36005,36,2018-05,13.0,10.4,13.0,1
36005,36,2018-06,13.0,10.4,13.0,1
36005,36,2018-07,13.0,10.4,13.0,1
36005,36,2018-08,13.0,10.4,13.0,1
36005,36,2018-09,13.0,10.4,13.0,1
36005,36,2018-10,13.0,10.4,13.0,1
36005,36,2018-11,13.0,10.4,13.0,1
36005,36,2018-12,13.0,10.4,13.0,1
36005,36,2019-01,15.0,11.1,15.0,1
36005,36,2019-02,15.0,11.1,15.0,1
36005,36,2019-03,15.0,11.1,15.0,1
36005,36,2019-04,15.0,11.1,15.0,1
36005,36,2019-05,15.0,11.1,15.0,1
36005,36,2019-06,15.0,11.1,15.0,1
36005,36,2019-07,15.0,11.1,15.0,1
36005,36,2019-08,15.0,11.1,15.0,1
36005,36,2019-09,15.0,11.1,15.0,1
36005,36,2019-10,15.0,11.1,15.0,1
36005,36,2019-11,15.0,11.1,15.0,1
36005,36,2019-12,15.0,11.1,15.0,1
36005,36,2020-01,15.0,11.8,15.0,1
36005,36,2020-02,15.0,11.8,15.0,1
36005,36,2020-03,15.0,11.8,15.0,1
36005,36,2020-04,15.0,11.8,15.0,1
36005,36,2020-05,15.0,11.8,15.0,1
36005,36,2020-06,15.0,11.8,15.0,1
36005,36,2020-07,15.0,11.8,15.0,1
36005,36,2020-08,15.0,11.8,15.0,1
36005,36,2020-09,15.0,11.8,15.0,1
36005,36,2020-10,15.0,11.8,15.0,1
36005,36,2020-11,15.0,11.8,15.0,1
36005,36,2020-12,15.0,11.8,15.0,1
36005,36,2021-01,15.0,12.5,15.0,1
36005,36,2021-02,15.0,12.5,15.0,1
36005,36,2021-03,15.0,12.5,15.0,1
36005,36,2021-04,15.0,12.5,15.0,1
36005,36,2021-05,15.0,12.5,15.0,1
36005,36,2021-06,15.0,12.5,15.0,1
36005,36,2021-07,15.0,12.5,15.0,1
36005,36,2021-08,15.0,12.5,15.0,1
36005,36,2021-09,15.0,12.5,15.0,1
36005,36,2021-10,15.0,12.5,15.0,1
36005,36,2021-11,15.0,12.5,15.0,1
36005,36,2021-12,15.0,12.5,15.0,1
36005,36,2022-01,15.0,13.2,15.0,1
36005,36,2022-02,15.0,13.2,15.0,1
36005,36,2022-03,15.0,13.2,15.0,1
36005,36,2022-04,15.0,13.2,15.0,1
36005,36,2022-05,15.0,13.2,15.0,1
36005,36,2022-06,15.0,13.2,15.0,1
36005,36,2022-07,15.0,13.2,15.0,1
36005,36,2022-08,15.0,13.2,15.0,1
36005,36,2022-09,15.0,13.2,15.0,1
36005,36,2022-10,15.0,13.2,15.0,1
36005,36,2022-11,15.0,13.2,15.0,1
36005,36,2022-12,15.0,13.2,15.0,1
36005,36,2023-01,15.0,14.2,15.0,1
36005,36,2023-02,15.0,14.2,15.0,1
36005,36,2023-03,15.0,14.2,15.0,1
36005,36,2023-04,15.0,14.2,15.0,1
36005,36,2023-05,15.0,14.2,15.0,1
36005,36,2023-06,15.0,14.2,15.0,1
36005,36,2023-07,15.0,14.2,15.0,1
36005,36,2023-08,15.0,14.2,15.0,1
36005,36,2023-09,15.0,14.2,15.0,1
36005,36,2023-10,15.0,14.2,15.0,1
36005,36,2023-11,15.0,14.2,15.0,1
36005,36,2023-12,15.0,14.2,15.0,1
36005,36,2024-01,15.0,15.0,15.0,0
36005,36,2024-02,15.0,15.0,15.0,0
36005,36,2024-03,15.0,15.0,15.0,0
36005,36,2024-04,15.0,15.0,15.0,0
36005,36,2024-05,15.0,15.0,15.0,0
36005,36,2024-06,15.0,15.0,15.0,0
36005,36,2024-07,15.0,15.0,15.0,0
36005,36,2024-08,15.0,15.0,15.0,0
36005,36,2024-09,15.0,15.0,15.0,0
36005,36,2024-10,15.0,15.0,15.0,0
36005,36,2024-11,15.0,15.0,15.0,0
36005,36,2024-12,15.0,15.0,15.0,0
36005,36,2025-01,15.0,15.5,15.5,0
36005,36,2025-02,15.0,15.5,15.5,0
36005,36,2025-03,15.0,15.5,15.5,0
36005,36,2025-04,15.0,15.5,15.5,0
36005,36,2025-05,15.0,15.5,15.5,0
36005,36,2025-06,15.0,15.5,15.5,0
36005,36,2025-07,15.0,15.5,15.5,0
36005,36,2025-08,15.0,15.5,15.5,0
36005,36,2025-09,15.0,15.5,15.5,0
36005,36,2025-10,15.0,15.5,15.5,0
36005,36,2025-11,15.0,15.5,15.5,0
36005,36,2025-12,15.0,15.5,15.5,0
36047,36,2017-01,11.0,9.7,11.0,1
36047,36,2017-02,11.0,9.7,11.0,1
36047,36,2017-03,11.0,9.7,11.0,1
36047,36,2017-04,11.0,9.7,11.0,1
36047,36,2017-05,11.0,9.7,11.0,1
36047,36,2017-06,11.0,9.7,11.0,1
36047,36,2017-07,11.0,9.7,11.0,1
36047,36,2017-08,11.0,9.7,11.0,1
36047,36,2017-09,11.0,9.7,11.0,1
36047,36,2017-10,11.0,9.7,11.0,1
36047,36,2017-11,11.0,9.7,11.0,1
36047,36,2017-12,11.0,9.7,11.0,1
36047,36,2018-01,13.0,10.4,13.0,1
36047,36,2018-02,13.0,10.4,13.0,1
36047,36,2018-03,13.0,10.4,13.0,1
36047,36,2018-04,13.0,10.4,13.0,1
36047,36,2018-05,13.0,10.4,13.0,1
36047,36,2018-06,13.0,10.4,13.0,1
36047,36,2018-07,13.0,10.4,13.0,1
36047,36,2018-08,13.0,10.4,13.0,1
36047,36,2018-09,13.0,10.4,13.0,1
36047,36,2018-10,13.0,10.4,13.0,1
36047,36,2018-11,13.0,10.4,13.0,1
36047,36,2018-12,13.0,10.4,13.0,1
36047,36,2019-01,15.0,11.1,15.0,1
36047,36,2019-02,15.0,11.1,15.0,1
36047,36,2019-03,15.0,11.1,15.0,1
36047,36,2019-04,15.0,11.1,15.0,1
36047,36,2019-05,15.0,11.1,15.0,1
36047,36,2019-06,15.0,11.1,15.0,1
36047,36,2019-07,15.0,11.1,15.0,1
36047,36,2019-08,15.0,11.1,15.0,1
36047,36,2019-09,15.0,11.1,15.0,1
36047,36,2019-10,15.0,11.1,15.0,1
36047,36,2019-11,15.0,11.1,15.0,1
36047,36,2019-12,15.0,11.1,15.0,1
36047,36,2020-01,15.0,11.8,15.0,1
36047,36,2020-02,15.0,11.8,15.0,1
36047,36,2020-03,15.0,11.8,15.0,1
36047,36,2020-04,15.0,11.8,15.0,1
36047,36,2020-05,15.0,11.8,15.0,1
36047,36,2020-06,15.0,11.8,15.0,1
36047,36,2020-07,15.0,11.8,15.0,1
36047,36,2020-08,15.0,11.8,15.0,1
36047,36,2020-09,15.0,11.8,15.0,1
36047,36,2020-10,15.0,11.8,15.0,1
36047,36,2020-11,15.0,11.8,15.0,1
36047,36,2020-12,15.0,11.8,15.0,1
36047,36,2021-01,15.0,12.5,15.0,1
36047,36,2021-02,15.0,12.5,15.0,1
36047,36,2021-03,15.0,12.5,15.0,1
36047,36,2021-04,15.0,12.5,15.0,1
36047,36,2021-05,15.0,12.5,15.0,1
36047,36,2021-06,15.0,12.5,15.0,1
36047,36,2021-07,15.0,12.5,15.0,1
36047,36,2021-08,15.0,12.5,15.0,1
36047,36,2021-09,15.0,12.5,15.0,1
36047,36,2021-10,15.0,12.5,15.0,1
36047,36,2021-11,15.0,12.5,15.0,1
36047,36,2021-12,15.0,12.5,15.0,1
36047,36,2022-01,15.0,13.2,15.0,1
36047,36,2022-02,15.0,13.2,15.0,1
36047,36,2022-03,15.0,13.2,15.0,1
36047,36,2022-04,15.0,13.2,15.0,1
36047,36,2022-05,15.0,13.2,15.0,1
36047,36,2022-06,15.0,13.2,15.0,1
36047,36,2022-07,15.0,13.2,15.0,1
36047,36,2022-08,15.0,13.2,15.0,1
36047,36,2022-09,15.0,13.2,15.0,1
36047,36,2022-10,15.0,13.2,15.0,1
36047,36,2022-11,15.0,13.2,15.0,1
36047,36,2022-12,15.0,13.2,15.0,1
36047,36,2023-01,15.0,14.2,15.0,1
36047,36,2023-02,15.0,14.2,15.0,1
36047,36,2023-03,15.0,14.2,15.0,1
36047,36,2023-04,15.0,14.2,15.0,1
36047,36,2023-05,15.0,14.2,15.0,1
36047,36,2023-06,15.0,14.2,15.0,1
36047,36,2023-07,15.0,14.2,15.0,1
36047,36,2023-08,15.0,14.2,15.0,1
36047,36,2023-09,15.0,14.2,15.0,1
36047,36,2023-10,15.0,14.2,15.0,1
36047,36,2023-11,15.0,14.2,15.0,1
36047,36,2023-12,15.0,14.2,15.0,1
36047,36,2024-01,15.0,15.0,15.0,0
36047,36,2024-02,15.0,15.0,15.0,0
36047,36,2024-03,15.0,15.0,15.0,0
36047,36,2024-04,15.0,15.0,15.0,0
36047,36,2024-05,15.0,15.0,15.0,0
36047,36,2024-06,15.0,15.0,15.0,0
36047,36,2024-07,15.0,15.0,15.0,0
36047,36,2024-08,15.0,15.0,15.0,0
36047,36,2024-09,15.0,15.0,15.0,0
36047,36,2024-10,15.0,15.0,15.0,0
36047,36,2024-11,15.0,15.0,15.0,0
36047,36,2024-12,15.0,15.0,15.0,0
36047,36,2025-01,15.0,15.5,15.5,0
36047,36,2025-02,15.0,15.5,15.5,0
36047,36,2025-03,15.0,15.5,15.5,0
36047,36,2025-04,15.0,15.5,15.5,0
36047,36,2025-05,15.0,15.5,15.5,0
36047,36,2025-06,15.0,15.5,15.5,0
36047,36,2025-07,15.0,15.5,15.5,0
36047,36,2025-08,15.0,15.5,15.5,0
36047,36,2025-09,15.0,15.5,15.5,0
36047,36,2025-10,15.0,15.5,15.5,0
36047,36,2025-11,15.0,15.5,15.5,0
36047,36,2025-12,15.0,15.5,15.5,0
36059,36,2017-01,10.0,9.7,10.0,1
36059,36,2017-02,10.0,9.7,10.0,1
36059,36,2017-03,10.0,9.7,10.0,1
36059,36,2017-04,10.0,9.7,10.0,1
36059,36,2017-05,10.0,9.7,10.0,1
36059,36,2017-06,10.0,9.7,10.0,1
36059,36,2017-07,10.0,9.7,10.0,1
36059,36,2017-08,10.0,9.7,10.0,1
36059,36,2017-09,10.0,9.7,10.0,1
36059,36,2017-10,10.0,9.7,10.0,1
36059,36,2017-11,10.0,9.7,10.0,1
36059,36,2017-12,10.0,9.7,10.0,1
36059,36,2018-01,11.0,10.4,11.0,1
36059,36,2018-02,11.0,10.4,11.0,1
36059,36,2018-03,11.0,10.4,11.0,1
36059,36,2018-04,11.0,10.4,11.0,1
36059,36,2018-05,11.0,10.4,11.0,1
36059,36,2018-06,11.0,10.4,11.0,1
36059,36,2018-07,11.0,10.4,11.0,1
36059,36,2018-08,11.0,10.4,11.0,1
36059,36,2018-09,11.0,10.4,11.0,1
36059,36,2018-10,11.0,10.4,11.0,1
36059,36,2018-11,11.0,10.4,11.0,1
36059,36,2018-12,11.0,10.4,11.0,1
36059,36,2019-01,12.0,11.1,12.0,1
36059,36,2019-02,12.0,11.1,12.0,1
36059,36,2019-03,12.0,11.1,12.0,1
36059,36,2019-04,12.0,11.1,12.0,1
36059,36,2019-05,12.0,11.1,12.0,1
36059,36,2019-06,12.0,11.1,12.0,1
36059,36,2019-07,12.0,11.1,12.0,1
36059,36,2019-08,12.0,11.1,12.0,1
36059,36,2019-09,12.0,11.1,12.0,1
36059,36,2019-10,12.0,11.1,12.0,1
36059,36,2019-11,12.0,11.1,12.0,1
36059,36,2019-12,12.0,11.1,12.0,1
36059,36,2020-01,13.0,11.8,13.0,1
36059,36,2020-02,13.0,11.8,13.0,1
36059,36,2020-03,13.0,11.8,13.0,1
36059,36,2020-04,13.0,11.8,13.0,1
36059,36,2020-05,13.0,11.8,13.0,1
36059,36,2020-06,13.0,11.8,13.0,1
36059,36,2020-07,13.0,11.8,13.0,1
36059,36,2020-08,13.0,11.8,13.0,1
36059,36,2020-09,13.0,11.8,13.0,1
36059,36,2020-10,13.0,11.8,13.0,1
36059,36,2020-11,13.0,11.8,13.0,1
36059,36,2020-12,13.0,11.8,13.0,1
36059,36,2021-01,14.0,12.5,14.0,1
36059,36,2021-02,14.0,12.5,14.0,1
36059,36,2021-03,14.0,12.5,14.0,1
36059,36,2021-04,14.0,12.5,14.0,1
36059,36,2021-05,14.0,12.5,14.0,1
36059,36,2021-06,14.0,12.5,14.0,1
36059,36,2021-07,14.0,12.5,14.0,1
36059,36,2021-08,14.0,12.5,14.0,1
36059,36,2021-09,14.0,12.5,14.0,1
36059,36,2021-10,14.0,12.5,14.0,1
36059,36,2021-11,14.0,12.5,14.0,1
36059,36,2021-12,14.0,12.5,14.0,1
36059,36,2022-01,15.0,13.2,15.0,1
36059,36,2022-02,15.0,13.2,15.0,1
36059,36,2022-03,15.0,13.2,15.0,1
36059,36,2022-04,15.0,13.2,15.0,1
36059,36,2022-05,15.0,13.2,15.0,1
36059,36,2022-06,15.0,13.2,15.0,1
36059,36,2022-07,15.0,13.2,15.0,1
36059,36,2022-08,15.0,13.2,15.0,1
36059,36,2022-09,15.0,13.2,15.0,1
36059,36,2022-10,15.0,13.2,15.0,1
36059,36,2022-11,15.0,13.2,15.0,1
36059,36,2022-12,15.0,13.2,15.0,1
36059,36,2023-01,15.0,14.2,15.0,1
36059,36,2023-02,15.0,14.2,15.0,1
36059,36,2023-03,15.0,14.2,15.0,1
36059,36,2023-04,15.0,14.2,15.0,1
36059,36,2023-05,15.0,14.2,15.0,1
36059,36,2023-06,15.0,14.2,15.0,1
36059,36,2023-07,15.0,14.2,15.0,1
36059,36,2023-08,15.0,14.2,15.0,1
36059,36,2023-09,15.0,14.2,15.0,1
36059,36,2023-10,15.0,14.2,15.0,1
36059,36,2023-11,15.0,14.2,15.0,1
36059,36,2023-12,15.0,14.2,15.0,1
36059,36,2024-01,15.0,15.0,15.0,0
36059,36,2024-02,15.0,15.0,15.0,0
36059,36,2024-03,15.0,15.0,15.0,0
36059,36,2024-04,15.0,15.0,15.0,0
36059,36,2024-05,15.0,15.0,15.0,0
36059,36,2024-06,15.0,15.0,15.0,0
36059,36,2024-07,15.0,15.0,15.0,0
36059,36,2024-08,15.0,15.0,15.0,0
36059,36,2024-09,15.0,15.0,15.0,0
36059,36,2024-10,15.0,15.0,15.0,0
36059,36,2024-11,15.0,15.0,15.0,0
36059,36,2024-12,15.0,15.0,15.0,0
36059,36,2025-01,15.0,15.5,15.5,0
36059,36,2025-02,15.0,15.5,15.5,0
36059,36,2025-03,15.0,15.5,15.5,0
36059,36,2025-04,15.0,15.5,15.5,0
36059,36,2025-05,15.0,15.5,15.5,0
36059,36,2025-06,15.0,15.5,15.5,0
36059,36,2025-07,15.0,15.5,15.5,0
36059,36,2025-08,15.0,15.5,15.5,0
36059,36,2025-09,15.0,15.5,15.5,0
36059,36,2025-10,15.0,15.5,15.5,0
36059,36,2025-11,15.0,15.5,15.5,0
36059,36,2025-12,15.0,15.5,15.5,0
36061,36,2017-01,11.0,9.7,11.0,1
36061,36,2017-02,11.0,9.7,11.0,1
36061,36,2017-03,11.0,9.7,11.0,1
36061,36,2017-04,11.0,9.7,11.0,1
36061,36,2017-05,11.0,9.7,11.0,1
36061,36,2017-06,11.0,9.7,11.0,1
36061,36,2017-07,11.0,9.7,11.0,1
36061,36,2017-08,11.0,9.7,11.0,1
36061,36,2017-09,11.0,9.7,11.0,1
36061,36,2017-10,11.0,9.7,11.0,1
36061,36,2017-11,11.0,9.7,11.0,1
36061,36,2017-12,11.0,9.7,11.0,1
36061,36,2018-01,13.0,10.4,13.0,1
36061,36,2018-02,13.0,10.4,13.0,1
36061,36,2018-03,13.0,10.4,13.0,1
36061,36,2018-04,13.0,10.4,13.0,1
36061,36,2018-05,13.0,10.4,13.0,1
36061,36,2018-06,13.0,10.4,13.0,1
36061,36,2018-07,13.0,10.4,13.0,1
36061,36,2018-08,13.0,10.4,13.0,1
36061,36,2018-09,13.0,10.4,13.0,1
36061,36,2018-10,13.0,10.4,13.0,1
36061,36,2018-11,13.0,10.4,13.0,1
36061,36,2018-12,13.0,10.4,13.0,1
36061,36,2019-01,15.0,11.1,15.0,1
36061,36,2019-02,15.0,11.1,15.0,1
36061,36,2019-03,15.0,11.1,15.0,1
36061,36,2019-04,15.0,11.1,15.0,1
36061,36,2019-05,15.0,11.1,15.0,1
36061,36,2019-06,15.0,11.1,15.0,1
36061,36,2019-07,15.0,11.1,15.0,1
36061,36,2019-08,15.0,11.1,15.0,1
36061,36,2019-09,15.0,11.1,15.0,1
36061,36,2019-10,15.0,11.1,15.0,1
36061,36,2019-11,15.0,11.1,15.0,1
36061,36,2019-12,15.0,11.1,15.0,1
36061,36,2020-01,15.0,11.8,15.0,1
36061,36,2020-02,15.0,11.8,15.0,1
36061,36,2020-03,15.0,11.8,15.0,1
36061,36,2020-04,15.0,11.8,15.0,1
36061,36,2020-05,15.0,11.8,15.0,1
36061,36,2020-06,15.0,11.8,15.0,1
36061,36,2020-07,15.0,11.8,15.0,1
36061,36,2020-08,15.0,11.8,15.0,1
36061,36,2020-09,15.0,11.8,15.0,1
36061,36,2020-10,15.0,11.8,15.0,1
36061,36,2020-11,15.0,11.8,15.0,1
36061,36,2020-12,15.0,11.8,15.0,1
36061,36,2021-01,15.0,12.5,15.0,1
36061,36,2021-02,15.0,12.5,15.0,1
36061,36,2021-03,15.0,12.5,15.0,1
36061,36,2021-04,15.0,12.5,15.0,1
36061,36,2021-05,15.0,12.5,15.0,1
36061,36,2021-06,15.0,12.5,15.0,1
36061,36,2021-07,15.0,12.5,15.0,1
36061,36,2021-08,15.0,12.5,15.0,1
36061,36,2021-09,15.0,12.5,15.0,1
36061,36,2021-10,15.0,12.5,15.0,1
36061,36,2021-11,15.0,12.5,15.0,1
36061,36,2021-12,15.0,12.5,15.0,1
36061,36,2022-01,15.0,13.2,15.0,1
36061,36,2022-02,15.0,13.2,15.0,1
36061,36,2022-03,15.0,13.2,15.0,1
36061,36,2022-04,15.0,13.2,15.0,1
36061,36,2022-05,15.0,13.2,15.0,1
36061,36,2022-06,15.0,13.2,15.0,1
36061,36,2022-07,15.0,13.2,15.0,1
36061,36,2022-08,15.0,13.2,15.0,1
36061,36,2022-09,15.0,13.2,15.0,1
36061,36,2022-10,15.0,13.2,15.0,1
36061,36,2022-11,15.0,13.2,15.0,1
36061,36,2022-12,15.0,13.2,15.0,1
36061,36,2023-01,15.0,14.2,15.0,1
36061,36,2023-02,15.0,14.2,15.0,1
36061,36,2023-03,15.0,14.2,15.0,1
36061,36,2023-04,15.0,14.2,15.0,1
36061,36,2023-05,15.0,14.2,15.0,1
36061,36,2023-06,15.0,14.2,15.0,1
36061,36,2023-07,15.0,14.2,15.0,1
36061,36,2023-08,15.0,14.2,15.0,1
36061,36,2023-09,15.0,14.2,15.0,1
36061,36,2023-10,15.0,14.2,15.0,1
36061,36,2023-11,15.0,14.2,15.0,1
36061,36,2023-12,15.0,14.2,15.0,1
36061,36,2024-01,15.0,15.0,15.0,0
36061,36,2024-02,15.0,15.0,15.0,0
36061,36,2024-03,15.0,15.0,15.0,0
36061,36,2024-04,15.0,15.0,15.0,0
36061,36,2024-05,15.0,15.0,15.0,0
36061,36,2024-06,15.0,15.0,15.0,0
36061,36,2024-07,15.0,15.0,15.0,0
36061,36,2024-08,15.0,15.0,15.0,0
36061,36,2024-09,15.0,15.0,15.0,0
36061,36,2024-10,15.0,15.0,15.0,0
36061,36,2024-11,15.0,15.0,15.0,0
36061,36,2024-12,15.0,15.0,15.0,0
36061,36,2025-01,15.0,15.5,15.5,0
36061,36,2025-02,15.0,15.5,15.5,0
36061,36,2025-03,15.0,15.5,15.5,0
36061,36,2025-04,15.0,15.5,15.5,0
36061,36,2025-05,15.0,15.5,15.5,0
36061,36,2025-06,15.0,15.5,15.5,0
36061,36,2025-07,15.0,15.5,15.5,0
36061,36,2025-08,15.0,15.5,15.5,0
36061,36,2025-09,15.0,15.5,15.5,0
36061,36,2025-10,15.0,15.5,15.5,0
36061,36,2025-11,15.0,15.5,15.5,0
36061,36,2025-12,15.0,15.5,15.5,0
36081,36,2017-01,11.0,9.7,11.0,1
36081,36,2017-02,11.0,9.7,11.0,1
36081,36,2017-03,11.0,9.7,11.0,1
36081,36,2017-04,11.0,9.7,11.0,1
36081,36,2017-05,11.0,9.7,11.0,1
36081,36,2017-06,11.0,9.7,11.0,1
36081,36,2017-07,11.0,9.7,11.0,1
36081,36,2017-08,11.0,9.7,11.0,1
36081,36,2017-09,11.0,9.7,11.0,1
36081,36,2017-10,11.0,9.7,11.0,1
36081,36,2017-11,11.0,9.7,11.0,1
36081,36,2017-12,11.0,9.7,11.0,1
36081,36,2018-01,13.0,10.4,13.0,1
36081,36,2018-02,13.0,10.4,13.0,1
36081,36,2018-03,13.0,10.4,13.0,1
36081,36,2018-04,13.0,10.4,13.0,1
36081,36,2018-05,13.0,10.4,13.0,1
36081,36,2018-06,13.0,10.4,13.0,1
36081,36,2018-07,13.0,10.4,13.0,1
36081,36,2018-08,13.0,10.4,13.0,1
36081,36,2018-09,13.0,10.4,13.0,1
36081,36,2018-10,13.0,10.4,13.0,1
36081,36,2018-11,13.0,10.4,13.0,1
36081,36,2018-12,13.0,10.4,13.0,1
36081,36,2019-01,15.0,11.1,15.0,1
36081,36,2019-02,15.0,11.1,15.0,1
36081,36,2019-03,15.0,11.1,15.0,1
36081,36,2019-04,15.0,11.1,15.0,1
36081,36,2019-05,15.0,11.1,15.0,1
36081,36,2019-06,15.0,11.1,15.0,1
36081,36,2019-07,15.0,11.1,15.0,1
36081,36,2019-08,15.0,11.1,15.0,1
36081,36,2019-09,15.0,11.1,15.0,1
36081,36,2019-10,15.0,11.1,15.0,1
36081,36,2019-11,15.0,11.1,15.0,1
36081,36,2019-12,15.0,11.1,15.0,1
36081,36,2020-01,15.0,11.8,15.0,1
36081,36,2020-02,15.0,11.8,15.0,1
36081,36,2020-03,15.0,11.8,15.0,1
36081,36,2020-04,15.0,11.8,15.0,1
36081,36,2020-05,15.0,11.8,15.0,1
36081,36,2020-06,15.0,11.8,15.0,1
36081,36,2020-07,15.0,11.8,15.0,1
36081,36,2020-08,15.0,11.8,15.0,1
36081,36,2020-09,15.0,11.8,15.0,1
36081,36,2020-10,15.0,11.8,15.0,1
36081,36,2020-11,15.0,11.8,15.0,1
36081,36,2020-12,15.0,11.8,15.0,1
36081,36,2021-01,15.0,12.5,15.0,1
36081,36,2021-02,15.0,12.5,15.0,1
36081,36,2021-03,15.0,12.5,15.0,1
36081,36,2021-04,15.0,12.5,15.0,1
36081,36,2021-05,15.0,12.5,15.0,1
36081,36,2021-06,15.0,12.5,15.0,1
36081,36,2021-07,15.0,12.5,15.0,1
36081,36,2021-08,15.0,12.5,15.0,1
36081,36,2021-09,15.0,12.5,15.0,1
36081,36,2021-10,15.0,12.5,15.0,1
36081,36,2021-11,15.0,12.5,15.0,1
36081,36,2021-12,15.0,12.5,15.0,1
36081,36,2022-01,15.0,13.2,15.0,1
36081,36,2022-02,15.0,13.2,15.0,1
36081,36,2022-03,15.0,13.2,15.0,1
36081,36,2022-04,15.0,13.2,15.0,1
36081,36,2022-05,15.0,13.2,15.0,1
36081,36,2022-06,15.0,13.2,15.0,1
36081,36,2022-07,15.0,13.2,15.0,1
36081,36,2022-08,15.0,13.2,15.0,1
36081,36,2022-09,15.0,13.2,15.0,1
36081,36,2022-10,15.0,13.2,15.0,1
36081,36,2022-11,15.0,13.2,15.0,1
36081,36,2022-12,15.0,13.2,15.0,1
36081,36,2023-01,15.0,14.2,15.0,1
36081,36,2023-02,15.0,14.2,15.0,1
36081,36,2023-03,15.0,14.2,15.0,1
36081,36,2023-04,15.0,14.2,15.0,1
36081,36,2023-05,15.0,14.2,15.0,1
36081,36,2023-06,15.0,14.2,15.0,1
36081,36,2023-07,15.0,14.2,15.0,1
36081,36,2023-08,15.0,14.2,15.0,1
36081,36,2023-09,15.0,14.2,15.0,1
36081,36,2023-10,15.0,14.2,15.0,1
36081,36,2023-11,15.0,14.2,15.0,1
36081,36,2023-12,15.0,14.2,15.0,1
36081,36,2024-01,15.0,15.0,15.0,0
36081,36,2024-02,15.0,15.0,15.0,0
36081,36,2024-03,15.0,15.0,15.0,0
36081,36,2024-04,15.0,15.0,15.0,0
36081,36,2024-05,15.0,15.0,15.0,0
36081,36,2024-06,15.0,15.0,15.0,0
36081,36,2024-07,15.0,15.0,15.0,0
36081,36,2024-08,15.0,15.0,15.0,0
36081,36,2024-09,15.0,15.0,15.0,0
36081,36,2024-10,15.0,15.0,15.0,0
36081,36,2024-11,15.0,15.0,15.0,0
36081,36,2024-12,15.0,15.0,15.0,0
36081,36,2025-01,15.0,15.5,15.5,0
36081,36,2025-02,15.0,15.5,15.5,0
36081,36,2025-03,15.0,15.5,15.5,0
36081,36,2025-04,15.0,15.5,15.5,0
36081,36,2025-05,15.0,15.5,15.5,0
36081,36,2025-06,15.0,15.5,15.5,0
36081,36,2025-07,15.0,15.5,15.5,0
36081,36,2025-08,15.0,15.5,15.5,0
36081,36,2025-09,15.0,15.5,15.5,0
36081,36,2025-10,15.0,15.5,15.5,0
36081,36,2025-11,15.0,15.5,15.5,0
36081,36,2025-12,15.0,15.5,15.5,0
36085,36,2017-01,11.0,9.7,11.0,1
36085,36,2017-02,11.0,9.7,11.0,1
36085,36,2017-03,11.0,9.7,11.0,1
36085,36,2017-04,11.0,9.7,11.0,1
36085,36,2017-05,11.0,9.7,11.0,1
36085,36,2017-06,11.0,9.7,11.0,1
36085,36,2017-07,11.0,9.7,11.0,1
36085,36,2017-08,11.0,9.7,11.0,1
36085,36,2017-09,11.0,9.7,11.0,1
36085,36,2017-10,11.0,9.7,11.0,1
36085,36,2017-11,11.0,9.7,11.0,1
36085,36,2017-12,11.0,9.7,11.0,1
36085,36,2018-01,13.0,10.4,13.0,1
36085,36,2018-02,13.0,10.4,13.0,1
36085,36,2018-03,13.0,10.4,13.0,1
36085,36,2018-04,13.0,10.4,13.0,1
36085,36,2018-05,13.0,10.4,13.0,1
36085,36,2018-06,13.0,10.4,13.0,1
36085,36,2018-07,13.0,10.4,13.0,1
36085,36,2018-08,13.0,10.4,13.0,1
36085,36,2018-09,13.0,10.4,13.0,1
36085,36,2018-10,13.0,10.4,13.0,1
36085,36,2018-11,13.0,10.4,13.0,1
36085,36,2018-12,13.0,10.4,13.0,1
36085,36,2019-01,15.0,11.1,15.0,1
36085,36,2019-02,15.0,11.1,15.0,1
36085,36,2019-03,15.0,11.1,15.0,1
36085,36,2019-04,15.0,11.1,15.0,1
36085,36,2019-05,15.0,11.1,15.0,1
36085,36,2019-06,15.0,11.1,15.0,1
36085,36,2019-07,15.0,11.1,15.0,1
36085,36,2019-08,15.0,11.1,15.0,1
36085,36,2019-09,15.0,11.1,15.0,1
36085,36,2019-10,15.0,11.1,15.0,1
36085,36,2019-11,15.0,11.1,15.0,1
36085,36,2019-12,15.0,11.1,15.0,1
36085,36,2020-01,15.0,11.8,15.0,1
36085,36,2020-02,15.0,11.8,15.0,1
36085,36,2020-03,15.0,11.8,15.0,1
36085,36,2020-04,15.0,11.8,15.0,1
36085,36,2020-05,15.0,11.8,15.0,1
36085,36,2020-06,15.0,11.8,15.0,1
36085,36,2020-07,15.0,11.8,15.0,1
36085,36,2020-08,15.0,11.8,15.0,1
36085,36,2020-09,15.0,11.8,15.0,1
36085,36,2020-10,15.0,11.8,15.0,1
36085,36,2020-11,15.0,11.8,15.0,1
36085,36,2020-12,15.0,11.8,15.0,1
36085,36,2021-01,15.0,12.5,15.0,1
36085,36,2021-02,15.0,12.5,15.0,1
36085,36,2021-03,15.0,12.5,15.0,1
36085,36,2021-04,15.0,12.5,15.0,1
36085,36,2021-05,15.0,12.5,15.0,1
36085,36,2021-06,15.0,12.5,15.0,1
36085,36,2021-07,15.0,12.5,15.0,1
36085,36,2021-08,15.0,12.5,15.0,1
36085,36,2021-09,15.0,12.5,15.0,1
36085,36,2021-10,15.0,12.5,15.0,1
36085,36,2021-11,15.0,12.5,15.0,1
36085,36,2021-12,15.0,12.5,15.0,1
36085,36,2022-01,15.0,13.2,15.0,1
36085,36,2022-02,15.0,13.2,15.0,1
36085,36,2022-03,15.0,13.2,15.0,1
36085,36,2022-04,15.0,13.2,15.0,1
36085,36,2022-05,15.0,13.2,15.0,1
36085,36,2022-06,15.0,13.2,15.0,1
36085,36,2022-07,15.0,13.2,15.0,1
36085,36,2022-08,15.0,13.2,15.0,1
36085,36,2022-09,15.0,13.2,15.0,1
36085,36,2022-10,15.0,13.2,15.0,1
36085,36,2022-11,15.0,13.2,15.0,1
36085,36,2022-12,15.0,13.2,15.0,1
36085,36,2023-01,15.0,14.2,15.0,1
36085,36,2023-02,15.0,14.2,15.0,1
36085,36,2023-03,15.0,14.2,15.0,1
36085,36,2023-04,15.0,14.2,15.0,1
36085,36,2023-05,15.0,14.2,15.0,1
36085,36,2023-06,15.0,14.2,15.0,1
36085,36,2023-07,15.0,14.2,15.0,1
36085,36,2023-08,15.0,14.2,15.0,1
36085,36,2023-09,15.0,14.2,15.0,1
36085,36,2023-10,15.0,14.2,15.0,1
36085,36,2023-11,15.0,14.2,15.0,1
36085,36,2023-12,15.0,14.2,15.0,1
36085,36,2024-01,15.0,15.0,15.0,0
36085,36,2024-02,15.0,15.0,15.0,0
36085,36,2024-03,15.0,15.0,15.0,0
36085,36,2024-04,15.0,15.0,15.0,0
36085,36,2024-05,15.0,15.0,15.0,0
36085,36,2024-06,15.0,15.0,15.0,0
36085,36,2024-07,15.0,15.0,15.0,0
36085,36,2024-08,15.0,15.0,15.0,0
36085,36,2024-09,15.0,15.0,15.0,0
36085,36,2024-10,15.0,15.0,15.0,0
36085,36,2024-11,15.0,15.0,15.0,0
36085,36,2024-12,15.0,15.0,15.0,0
36085,36,2025-01,15.0,15.5,15.5,0
36085,36,2025-02,15.0,15.5,15.5,0
36085,36,2025-03,15.0,15.5,15.5,0
36085,36,2025-04,15.0,15.5,15.5,0
36085,36,2025-05,15.0,15.5,15.5,0
36085,36,2025-06,15.0,15.5,15.5,0
36085,36,2025-07,15.0,15.5,15.5,0
36085,36,2025-08,15.0,15.5,15.5,0
36085,36,2025-09,15.0,15.5,15.5,0
36085,36,2025-10,15.0,15.5,15.5,0
36085,36,2025-11,15.0,15.5,15.5,0
36085,36,2025-12,15.0,15.5,15.5,0
36103,36,2017-01,10.0,9.7,10.0,1
36103,36,2017-02,10.0,9.7,10.0,1
36103,36,2017-03,10.0,9.7,10.0,1
36103,36,2017-04,10.0,9.7,10.0,1
36103,36,2017-05,10.0,9.7,10.0,1
36103,36,2017-06,10.0,9.7,10.0,1
36103,36,2017-07,10.0,9.7,10.0,1
36103,36,2017-08,10.0,9.7,10.0,1
36103,36,2017-09,10.0,9.7,10.0,1
36103,36,2017-10,10.0,9.7,10.0,1
36103,36,2017-11,10.0,9.7,10.0,1
36103,36,2017-12,10.0,9.7,10.0,1
36103,36,2018-01,11.0,10.4,11.0,1
36103,36,2018-02,11.0,10.4,11.0,1
36103,36,2018-03,11.0,10.4,11.0,1
36103,36,2018-04,11.0,10.4,11.0,1
36103,36,2018-05,11.0,10.4,11.0,1
36103,36,2018-06,11.0,10.4,11.0,1
36103,36,2018-07,11.0,10.4,11.0,1
36103,36,2018-08,11.0,10.4,11.0,1
36103,36,2018-09,11.0,10.4,11.0,1
36103,36,2018-10,11.0,10.4,11.0,1
36103,36,2018-11,11.0,10.4,11.0,1
36103,36,2018-12,11.0,10.4,11.0,1
36103,36,2019-01,12.0,11.1,12.0,1
36103,36,2019-02,12.0,11.1,12.0,1
36103,36,2019-03,12.0,11.1,12.0,1
36103,36,2019-04,12.0,11.1,12.0,1
36103,36,2019-05,12.0,11.1,12.0,1
36103,36,2019-06,12.0,11.1,12.0,1
36103,36,2019-07,12.0,11.1,12.0,1
36103,36,2019-08,12.0,11.1,12.0,1
36103,36,2019-09,12.0,11.1,12.0,1
36103,36,2019-10,12.0,11.1,12.0,1
36103,36,2019-11,12.0,11.1,12.0,1
36103,36,2019-12,12.0,11.1,12.0,1
36103,36,2020-01,13.0,11.8,13.0,1
36103,36,2020-02,13.0,11.8,13.0,1
36103,36,2020-03,13.0,11.8,13.0,1
36103,36,2020-04,13.0,11.8,13.0,1
36103,36,2020-05,13.0,11.8,13.0,1
36103,36,2020-06,13.0,11.8,13.0,1
36103,36,2020-07,13.0,11.8,13.0,1
36103,36,2020-08,13.0,11.8,13.0,1
36103,36,2020-09,13.0,11.8,13.0,1
36103,36,2020-10,13.0,11.8,13.0,1
36103,36,2020-11,13.0,11.8,13.0,1
36103,36,2020-12,13.0,11.8,13.0,1
36103,36,2021-01,14.0,12.5,14.0,1
36103,36,2021-02,14.0,12.5,14.0,1
36103,36,2021-03,14.0,12.5,14.0,1
36103,36,2021-04,14.0,12.5,14.0,1
36103,36,2021-05,14.0,12.5,14.0,1
36103,36,2021-06,14.0,12.5,14.0,1
36103,36,2021-07,14.0,12.5,14.0,1
36103,36,2021-08,14.0,12.5,14.0,1
36103,36,2021-09,14.0,12.5,14.0,1
36103,36,2021-10,14.0,12.5,14.0,1
36103,36,2021-11,14.0,12.5,14.0,1
36103,36,2021-12,14.0,12.5,14.0,1
36103,36,2022-01,15.0,13.2,15.0,1
36103,36,2022-02,15.0,13.2,15.0,1
36103,36,2022-03,15.0,13.2,15.0,1
36103,36,2022-04,15.0,13.2,15.0,1
36103,36,2022-05,15.0,13.2,15.0,1
36103,36,2022-06,15.0,13.2,15.0,1
36103,36,2022-07,15.0,13.2,15.0,1
36103,36,2022-08,15.0,13.2,15.0,1
36103,36,2022-09,15.0,13.2,15.0,1
36103,36,2022-10,15.0,13.2,15.0,1
36103,36,2022-11,15.0,13.2,15.0,1
36103,36,2022-12,15.0,13.2,15.0,1
36103,36,2023-01,15.0,14.2,15.0,1
36103,36,2023-02,15.0,14.2,15.0,1
36103,36,2023-03,15.0,14.2,15.0,1
36103,36,2023-04,15.0,14.2,15.0,1
36103,36,2023-05,15.0,14.2,15.0,1
36103,36,2023-06,15.0,14.2,15.0,1
36103,36,2023-07,15.0,14.2,15.0,1
36103,36,2023-08,15.0,14.2,15.0,1
36103,36,2023-09,15.0,14.2,15.0,1
36103,36,2023-10,15.0,14.2,15.0,1
36103,36,2023-11,15.0,14.2,15.0,1
36103,36,2023-12,15.0,14.2,15.0,1
36103,36,2024-01,15.0,15.0,15.0,0
36103,36,2024-02,15.0,15.0,15.0,0
36103,36,2024-03,15.0,15.0,15.0,0
36103,36,2024-04,15.0,15.0,15.0,0
36103,36,2024-05,15.0,15.0,15.0,0
36103,36,2024-06,15.0,15.0,15.0,0
36103,36,2024-07,15.0,15.0,15.0,0
36103,36,2024-08,15.0,15.0,15.0,0
36103,36,2024-09,15.0,15.0,15.0,0
36103,36,2024-10,15.0,15.0,15.0,0
36103,36,2024-11,15.0,15.0,15.0,0
36103,36,2024-12,15.0,15.0,15.0,0
36103,36,2025-01,15.0,15.5,15.5,0
36103,36,2025-02,15.0,15.5,15.5,0
36103,36,2025-03,15.0,15.5,15.5,0
36103,36,2025-04,15.0,15.5,15.5,0
36103,36,2025-05,15.0,15.5,15.5,0
36103,36,2025-06,15.0,15.5,15.5,0
36103,36,2025-07,15.0,15.5,15.5,0
36103,36,2025-08,15.0,15.5,15.5,0
36103,36,2025-09,15.0,15.5,15.5,0
36103,36,2025-10,15.0,15.5,15.5,0
36103,36,2025-11,15.0,15.5,15.5,0
36103,36,2025-12,15.0,15.5,15.5,0
36119,36,2017-01,10.0,9.7,10.0,1
36119,36,2017-02,10.0,9.7,10.0,1
36119,36,2017-03,10.0,9.7,10.0,1
36119,36,2017-04,10.0,9.7,10.0,1
36119,36,2017-05,10.0,9.7,10.0,1
36119,36,2017-06,10.0,9.7,10.0,1
36119,36,2017-07,10.0,9.7,10.0,1
36119,36,2017-08,10.0,9.7,10.0,1
36119,36,2017-09,10.0,9.7,10.0,1
36119,36,2017-10,10.0,9.7,10.0,1
36119,36,2017-11,10.0,9.7,10.0,1
36119,36,2017-12,10.0,9.7,10.0,1
36119,36,2018-01,11.0,10.4,11.0,1
36119,36,2018-02,11.0,10.4,11.0,1
36119,36,2018-03,11.0,10.4,11.0,1
36119,36,2018-04,11.0,10.4,11.0,1
36119,36,2018-05,11.0,10.4,11.0,1
36119,36,2018-06,11.0,10.4,11.0,1
36119,36,2018-07,11.0,10.4,11.0,1
36119,36,2018-08,11.0,10.4,11.0,1
36119,36,2018-09,11.0,10.4,11.0,1
36119,36,2018-10,11.0,10.4,11.0,1
36119,36,2018-11,11.0,10.4,11.0,1
36119,36,2018-12,11.0,10.4,11.0,1
36119,36,2019-01,12.0,11.1,12.0,1
36119,36,2019-02,12.0,11.1,12.0,1
36119,36,2019-03,12.0,11.1,12.0,1
36119,36,2019-04,12.0,11.1,12.0,1
36119,36,2019-05,12.0,11.1,12.0,1
36119,36,2019-06,12.0,11.1,12.0,1
36119,36,2019-07,12.0,11.1,12.0,1
36119,36,2019-08,12.0,11.1,12.0,1
36119,36,2019-09,12.0,11.1,12.0,1
36119,36,2019-10,12.0,11.1,12.0,1
36119,36,2019-11,12.0,11.1,12.0,1
36119,36,2019-12,12.0,11.1,12.0,1
36119,36,2020-01,13.0,11.8,13.0,1
36119,36,2020-02,13.0,11.8,13.0,1
36119,36,2020-03,13.0,11.8,13.0,1
36119,36,2020-04,13.0,11.8,13.0,1
36119,36,2020-05,13.0,11.8,13.0,1
36119,36,2020-06,13.0,11.8,13.0,1
36119,36,2020-07,13.0,11.8,13.0,1
36119,36,2020-08,13.0,11.8,13.0,1
36119,36,2020-09,13.0,11.8,13.0,1
36119,36,2020-10,13.0,11.8,13.0,1
36119,36,2020-11,13.0,11.8,13.0,1
36119,36,2020-12,13.0,11.8,13.0,1
36119,36,2021-01,14.0,12.5,14.0,1
36119,36,2021-02,14.0,12.5,14.0,1
36119,36,2021-03,14.0,12.5,14.0,1
36119,36,2021-04,14.0,12.5,14.0,1
36119,36,2021-05,14.0,12.5,14.0,1
36119,36,2021-06,14.0,12.5,14.0,1
36119,36,2021-07,14.0,12.5,14.0,1
36119,36,2021-08,14.0,12.5,14.0,1
36119,36,2021-09,14.0,12.5,14.0,1
36119,36,2021-10,14.0,12.5,14.0,1
36119,36,2021-11,14.0,12.5,14.0,1
36119,36,2021-12,14.0,12.5,14.0,1
36119,36,2022-01,15.0,13.2,15.0,1
36119,36,2022-02,15.0,13.2,15.0,1
36119,36,2022-03,15.0,13.2,15.0,1
36119,36,2022-04,15.0,13.2,15.0,1
36119,36,2022-05,15.0,13.2,15.0,1
36119,36,2022-06,15.0,13.2,15.0,1
36119,36,2022-07,15.0,13.2,15.0,1
36119,36,2022-08,15.0,13.2,15.0,1
36119,36,2022-09,15.0,13.2,15.0,1
36119,36,2022-10,15.0,13.2,15.0,1
36119,36,2022-11,15.0,13.2,15.0,1
36119,36,2022-12,15.0,13.2,15.0,1
36119,36,2023-01,15.0,14.2,15.0,1
36119,36,2023-02,15.0,14.2,15.0,1
36119,36,2023-03,15.0,14.2,15.0,1
36119,36,2023-04,15.0,14.2,15.0,1
36119,36,2023-05,15.0,14.2,15.0,1
36119,36,2023-06,15.0,14.2,15.0,1
36119,36,2023-07,15.0,14.2,15.0,1
36119,36,2023-08,15.0,14.2,15.0,1
36119,36,2023-09,15.0,14.2,15.0,1
36119,36,2023-10,15.0,14.2,15.0,1
36119,36,2023-11,15.0,14.2,15.0,1
36119,36,2023-12,15.0,14.2,15.0,1
36119,36,2024-01,15.0,15.0,15.0,0
36119,36,2024-02,15.0,15.0,15.0,0
36119,36,2024-03,15.0,15.0,15.0,0
36119,36,2024-04,15.0,15.0,15.0,0
36119,36,2024-05,15.0,15.0,15.0,0
36119,36,2024-06,15.0,15.0,15.0,0
36119,36,2024-07,15.0,15.0,15.0,0
36119,36,2024-08,15.0,15.0,15.0,0
36119,36,2024-09,15.0,15.0,15.0,0
36119,36,2024-10,15.0,15.0,15.0,0
36119,36,2024-11,15.0,15.0,15.0,0
36119,36,2024-12,15.0,15.0,15.0,0
36119,36,2025-01,15.0,15.5,15.5,0
36119,36,2025-02,15.0,15.5,15.5,0
36119,36,2025-03,15.0,15.5,15.5,0
36119,36,2025-04,15.0,15.5,15.5,0
36119,36,2025-05,15.0,15.5,15.5,0
36119,36,2025-06,15.0,15.5,15.5,0
36119,36,2025-07,15.0,15.5,15.5,0
36119,36,2025-08,15.0,15.5,15.5,0
36119,36,2025-09,15.0,15.5,15.5,0
36119,36,2025-10,15.0,15.5,15.5,0
36119,36,2025-11,15.0,15.5,15.5,0
36119,36,2025-12,15.0,15.5,15.5,0
41005,41,2016-07,9.75,9.75,9.75,0
41005,41,2016-08,9.75,9.75,9.75,0
41005,41,2016-09,9.75,9.75,9.75,0
41005,41,2016-10,9.75,9.75,9.75,0
41005,41,2016-11,9.75,9.75,9.75,0
41005,41,2016-12,9.75,9.75,9.75,0
41005,41,2017-01,9.75,9.75,9.75,0
41005,41,2017-02,9.75,9.75,9.75,0
41005,41,2017-03,9.75,9.75,9.75,0
41005,41,2017-04,9.75,9.75,9.75,0
41005,41,2017-05,9.75,9.75,9.75,0
41005,41,2017-06,9.75,9.75,9.75,0
41005,41,2017-07,11.25,10.25,11.25,1
41005,41,2017-08,11.25,10.25,11.25,1
41005,41,2017-09,11.25,10.25,11.25,1
41005,41,2017-10,11.25,10.25,11.25,1
41005,41,2017-11,11.25,10.25,11.25,1
41005,41,2017-12,11.25,10.25,11.25,1
41005,41,2018-01,11.25,10.25,11.25,1
41005,41,2018-02,11.25,10.25,11.25,1
41005,41,2018-03,11.25,10.25,11.25,1
41005,41,2018-04,11.25,10.25,11.25,1
41005,41,2018-05,11.25,10.25,11.25,1
41005,41,2018-06,11.25,10.25,11.25,1
41005,41,2018-07,12.0,10.75,12.0,1
41005,41,2018-08,12.0,10.75,12.0,1
41005,41,2018-09,12.0,10.75,12.0,1
41005,41,2018-10,12.0,10.75,12.0,1
41005,41,2018-11,12.0,10.75,12.0,1
41005,41,2018-12,12.0,10.75,12.0,1
41005,41,2019-01,12.0,10.75,12.0,1
41005,41,2019-02,12.0,10.75,12.0,1
41005,41,2019-03,12.0,10.75,12.0,1
41005,41,2019-04,12.0,10.75,12.0,1
41005,41,2019-05,12.0,10.75,12.0,1
41005,41,2019-06,12.0,10.75,12.0,1
41005,41,2019-07,12.5,11.25,12.5,1
41005,41,2019-08,12.5,11.25,12.5,1
41005,41,2019-09,12.5,11.25,12.5,1
41005,41,2019-10,12.5,11.25,12.5,1
41005,41,2019-11,12.5,11.25,12.5,1
41005,41,2019-12,12.5,11.25,12.5,1
41005,41,2020-01,12.5,11.25,12.5,1
41005,41,2020-02,12.5,11.25,12.5,1
41005,41,2020-03,12.5,11.25,12.5,1
41005,41,2020-04,12.5,11.25,12.5,1
41005,41,2020-05,12.5,11.25,12.5,1
41005,41,2020-06,12.5,11.25,12.5,1
41005,41,2020-07,13.25,12.0,13.25,1
41005,41,2020-08,13.25,12.0,13.25,1
41005,41,2020-09,13.25,12.0,13.25,1
41005,41,2020-10,13.25,12.0,13.25,1
41005,41,2020-11,13.25,12.0,13.25,1
41005,41,2020-12,13.25,12.0,13.25,1
41005,41,2021-01,13.25,12.0,13.25,1
41005,41,2021-02,13.25,12.0,13.25,1
41005,41,2021-03,13.25,12.0,13.25,1
41005,41,2021-04,13.25,12.0,13.25,1
41005,41,2021-05,13.25,12.0,13.25,1
41005,41,2021-06,13.25,12.0,13.25,1
41005,41,2021-07,14.0,12.75,14.0,1
41005,41,2021-08,14.0,12.75,14.0,1
41005,41,2021-09,14.0,12.75,14.0,1
41005,41,2021-10,14.0,12.75,14.0,1
41005,41,2021-11,14.0,12.75,14.0,1
41005,41,2021-12,14.0,12.75,14.0,1
41005,41,2022-01,14.0,12.75,14.0,1
41005,41,2022-02,14.0,12.75,14.0,1
41005,41,2022-03,14.0,12.75,14.0,1
41005,41,2022-04,14.0,12.75,14.0,1
41005,41,2022-05,14.0,12.75,14.0,1
41005,41,2022-06,14.0,12.75,14.0,1
41005,41,2022-07,14.75,13.5,14.75,1
41005,41,2022-08,14.75,13.5,14.75,1
41005,41,2022-09,14.75,13.5,14.75,1
41005,41,2022-10,14.75,13.5,14.75,1
41005,41,2022-11,14.75,13.5,14.75,1
41005,41,2022-12,14.75,13.5,14.75,1
41005,41,2023-01,14.75,13.5,14.75,1
41005,41,2023-02,14.75,13.5,14.75,1
41005,41,2023-03,14.75,13.5,14.75,1
41005,41,2023-04,14.75,13.5,14.75,1
41005,41,2023-05,14.75,13.5,14.75,1
41005,41,2023-06,14.75,13.5,14.75,1
41005,41,2023-07,14.75,14.2,14.75,1
41005,41,2023-08,14.75,14.2,14.75,1
41005,41,2023-09,14.75,14.2,14.75,1
41005,41,2023-10,14.75,14.2,14.75,1
41005,41,2023-11,14.75,14.2,14.75,1
41005,41,2023-12,14.75,14.2,14.75,1
41005,41,2024-01,14.75,14.2,14.75,1
41005,41,2024-02,14.75,14.2,14.75,1
41005,41,2024-03,14.75,14.2,14.75,1
41005,41,2024-04,14.75,14.2,14.75,1
41005,41,2024-05,14.75,14.2,14.75,1
41005,41,2024-06,14.75,14.2,14.75,1
41005,41,2024-07,14.75,14.7,14.75,1
41005,41,2024-08,14.75,14.7,14.75,1
41005,41,2024-09,14.75,14.7,14.75,1
41005,41,2024-10,14.75,14.7,14.75,1
41005,41,2024-11,14.75,14.7,14.75,1
41005,41,2024-12,14.75,14.7,14.75,1
41005,41,2025-01,14.75,14.7,14.75,1
41005,41,2025-02,14.75,14.7,14.75,1
41005,41,2025-03,14.75,14.7,14.75,1
41005,41,2025-04,14.75,14.7,14.75,1
41005,41,2025-05,14.75,14.7,14.75,1
41005,41,2025-06,14.75,14.7,14.75,1
41005,41,2025-07,14.75,15.05,15.05,0
41005,41,2025-08,14.75,15.05,15.05,0
41005,41,2025-09,14.75,15.05,15.05,0
41005,41,2025-10,14.75,15.05,15.05,0
41005,41,2025-11,14.75,15.05,15.05,0
41005,41,2025-12,14.75,15.05,15.05,0
41051,41,2016-07,9.75,9.75,9.75,0
41051,41,2016-08,9.75,9.75,9.75,0
41051,41,2016-09,9.75,9.75,9.75,0
41051,41,2016-10,9.75,9.75,9.75,0
41051,41,2016-11,9.75,9.75,9.75,0
41051,41,2016-12,9.75,9.75,9.75,0
41051,41,2017-01,9.75,9.75,9.75,0
41051,41,2017-02,9.75,9.75,9.75,0
41051,41,2017-03,9.75,9.75,9.75,0
41051,41,2017-04,9.75,9.75,9.75,0
41051,41,2017-05,9.75,9.75,9.75,0
41051,41,2017-06,9.75,9.75,9.75,0
41051,41,2017-07,11.25,10.25,11.25,1
41051,41,2017-08,11.25,10.25,11.25,1
41051,41,2017-09,11.25,10.25,11.25,1
41051,41,2017-10,11.25,10.25,11.25,1
41051,41,2017-11,11.25,10.25,11.25,1
41051,41,2017-12,11.25,10.25,11.25,1
41051,41,2018-01,11.25,10.25,11.25,1
41051,41,2018-02,11.25,10.25,11.25,1
41051,41,2018-03,11.25,10.25,11.25,1
41051,41,2018-04,11.25,10.25,11.25,1
41051,41,2018-05,11.25,10.25,11.25,1
41051,41,2018-06,11.25,10.25,11.25,1
41051,41,2018-07,12.0,10.75,12.0,1
41051,41,2018-08,12.0,10.75,12.0,1
41051,41,2018-09,12.0,10.75,12.0,1
41051,41,2018-10,12.0,10.75,12.0,1
41051,41,2018-11,12.0,10.75,12.0,1
41051,41,2018-12,12.0,10.75,12.0,1
41051,41,2019-01,12.0,10.75,12.0,1
41051,41,2019-02,12.0,10.75,12.0,1
41051,41,2019-03,12.0,10.75,12.0,1
41051,41,2019-04,12.0,10.75,12.0,1
41051,41,2019-05,12.0,10.75,12.0,1
41051,41,2019-06,12.0,10.75,12.0,1
41051,41,2019-07,12.5,11.25,12.5,1
41051,41,2019-08,12.5,11.25,12.5,1
41051,41,2019-09,12.5,11.25,12.5,1
41051,41,2019-10,12.5,11.25,12.5,1
41051,41,2019-11,12.5,11.25,12.5,1
41051,41,2019-12,12.5,11.25,12.5,1
41051,41,2020-01,12.5,11.25,12.5,1
41051,41,2020-02,12.5,11.25,12.5,1
41051,41,2020-03,12.5,11.25,12.5,1
41051,41,2020-04,12.5,11.25,12.5,1
41051,41,2020-05,12.5,11.25,12.5,1
41051,41,2020-06,12.5,11.25,12.5,1
41051,41,2020-07,13.25,12.0,13.25,1
41051,41,2020-08,13.25,12.0,13.25,1
41051,41,2020-09,13.25,12.0,13.25,1
41051,41,2020-10,13.25,12.0,13.25,1
41051,41,2020-11,13.25,12.0,13.25,1
41051,41,2020-12,13.25,12.0,13.25,1
41051,41,2021-01,13.25,12.0,13.25,1
41051,41,2021-02,13.25,12.0,13.25,1
41051,41,2021-03,13.25,12.0,13.25,1
41051,41,2021-04,13.25,12.0,13.25,1
41051,41,2021-05,13.25,12.0,13.25,1
41051,41,2021-06,13.25,12.0,13.25,1
41051,41,2021-07,14.0,12.75,14.0,1
41051,41,2021-08,14.0,12.75,14.0,1
41051,41,2021-09,14.0,12.75,14.0,1
41051,41,2021-10,14.0,12.75,14.0,1
41051,41,2021-11,14.0,12.75,14.0,1
41051,41,2021-12,14.0,12.75,14.0,1
41051,41,2022-01,14.0,12.75,14.0,1
41051,41,2022-02,14.0,12.75,14.0,1
41051,41,2022-03,14.0,12.75,14.0,1
41051,41,2022-04,14.0,12.75,14.0,1
41051,41,2022-05,14.0,12.75,14.0,1
41051,41,2022-06,14.0,12.75,14.0,1
41051,41,2022-07,14.75,13.5,14.75,1
41051,41,2022-08,14.75,13.5,14.75,1
41051,41,2022-09,14.75,13.5,14.75,1
41051,41,2022-10,14.75,13.5,14.75,1
41051,41,2022-11,14.75,13.5,14.75,1
41051,41,2022-12,14.75,13.5,14.75,1
41051,41,2023-01,14.75,13.5,14.75,1
41051,41,2023-02,14.75,13.5,14.75,1
41051,41,2023-03,14.75,13.5,14.75,1
41051,41,2023-04,14.75,13.5,14.75,1
41051,41,2023-05,14.75,13.5,14.75,1
41051,41,2023-06,14.75,13.5,14.75,1
41051,41,2023-07,14.75,14.2,14.75,1
41051,41,2023-08,14.75,14.2,14.75,1
41051,41,2023-09,14.75,14.2,14.75,1
41051,41,2023-10,14.75,14.2,14.75,1
41051,41,2023-11,14.75,14.2,14.75,1
41051,41,2023-12,14.75,14.2,14.75,1
41051,41,2024-01,14.75,14.2,14.75,1
41051,41,2024-02,14.75,14.2,14.75,1
41051,41,2024-03,14.75,14.2,14.75,1
41051,41,2024-04,14.75,14.2,14.75,1
41051,41,2024-05,14.75,14.2,14.75,1
41051,41,2024-06,14.75,14.2,14.75,1
41051,41,2024-07,14.75,14.7,14.75,1
41051,41,2024-08,14.75,14.7,14.75,1
41051,41,2024-09,14.75,14.7,14.75,1
41051,41,2024-10,14.75,14.7,14.75,1
41051,41,2024-11,14.75,14.7,14.75,1
41051,41,2024-12,14.75,14.7,14.75,1
41051,41,2025-01,14.75,14.7,14.75,1
41051,41,2025-02,14.75,14.7,14.75,1
41051,41,2025-03,14.75,14.7,14.75,1
41051,41,2025-04,14.75,14.7,14.75,1
41051,41,2025-05,14.75,14.7,14.75,1
41051,41,2025-06,14.75,14.7,14.75,1
41051,41,2025-07,14.75,15.05,15.05,0
41051,41,2025-08,14.75,15.05,15.05,0
41051,41,2025-09,14.75,15.05,15.05,0
41051,41,2025-10,14.75,15.05,15.05,0
41051,41,2025-11,14.75,15.05,15.05,0
41051,41,2025-12,14.75,15.05,15.05,0
41067,41,2016-07,9.75,9.75,9.75,0
41067,41,2016-08,9.75,9.75,9.75,0
41067,41,2016-09,9.75,9.75,9.75,0
41067,41,2016-10,9.75,9.75,9.75,0
41067,41,2016-11,9.75,9.75,9.75,0
41067,41,2016-12,9.75,9.75,9.75,0
41067,41,2017-01,9.75,9.75,9.75,0
41067,41,2017-02,9.75,9.75,9.75,0
41067,41,2017-03,9.75,9.75,9.75,0
41067,41,2017-04,9.75,9.75,9.75,0
41067,41,2017-05,9.75,9.75,9.75,0
41067,41,2017-06,9.75,9.75,9.75,0
41067,41,2017-07,11.25,10.25,11.25,1
41067,41,2017-08,11.25,10.25,11.25,1
41067,41,2017-09,11.25,10.25,11.25,1
41067,41,2017-10,11.25,10.25,11.25,1
41067,41,2017-11,11.25,10.25,11.25,1
41067,41,2017-12,11.25,10.25,11.25,1
41067,41,2018-01,11.25,10.25,11.25,1
41067,41,2018-02,11.25,10.25,11.25,1
41067,41,2018-03,11.25,10.25,11.25,1
41067,41,2018-04,11.25,10.25,11.25,1
41067,41,2018-05,11.25,10.25,11.25,1
41067,41,2018-06,11.25,10.25,11.25,1
41067,41,2018-07,12.0,10.75,12.0,1
41067,41,2018-08,12.0,10.75,12.0,1
41067,41,2018-09,12.0,10.75,12.0,1
41067,41,2018-10,12.0,10.75,12.0,1
41067,41,2018-11,12.0,10.75,12.0,1
41067,41,2018-12,12.0,10.75,12.0,1
41067,41,2019-01,12.0,10.75,12.0,1
41067,41,2019-02,12.0,10.75,12.0,1
41067,41,2019-03,12.0,10.75,12.0,1
41067,41,2019-04,12.0,10.75,12.0,1
41067,41,2019-05,12.0,10.75,12.0,1
41067,41,2019-06,12.0,10.75,12.0,1
41067,41,2019-07,12.5,11.25,12.5,1
41067,41,2019-08,12.5,11.25,12.5,1
41067,41,2019-09,12.5,11.25,12.5,1
41067,41,2019-10,12.5,11.25,12.5,1
41067,41,2019-11,12.5,11.25,12.5,1
41067,41,2019-12,12.5,11.25,12.5,1
41067,41,2020-01,12.5,11.25,12.5,1
41067,41,2020-02,12.5,11.25,12.5,1
41067,41,2020-03,12.5,11.25,12.5,1
41067,41,2020-04,12.5,11.25,12.5,1
41067,41,2020-05,12.5,11.25,12.5,1
41067,41,2020-06,12.5,11.25,12.5,1
41067,41,2020-07,13.25,12.0,13.25,1
41067,41,2020-08,13.25,12.0,13.25,1
41067,41,2020-09,13.25,12.0,13.25,1
41067,41,2020-10,13.25,12.0,13.25,1
41067,41,2020-11,13.25,12.0,13.25,1
41067,41,2020-12,13.25,12.0,13.25,1
41067,41,2021-01,13.25,12.0,13.25,1
41067,41,2021-02,13.25,12.0,13.25,1
41067,41,2021-03,13.25,12.0,13.25,1
41067,41,2021-04,13.25,12.0,13.25,1
41067,41,2021-05,13.25,12.0,13.25,1
41067,41,2021-06,13.25,12.0,13.25,1
41067,41,2021-07,14.0,12.75,14.0,1
41067,41,2021-08,14.0,12.75,14.0,1
41067,41,2021-09,14.0,12.75,14.0,1
41067,41,2021-10,14.0,12.75,14.0,1
41067,41,2021-11,14.0,12.75,14.0,1
41067,41,2021-12,14.0,12.75,14.0,1
41067,41,2022-01,14.0,12.75,14.0,1
41067,41,2022-02,14.0,12.75,14.0,1
41067,41,2022-03,14.0,12.75,14.0,1
41067,41,2022-04,14.0,12.75,14.0,1
41067,41,2022-05,14.0,12.75,14.0,1
41067,41,2022-06,14.0,12.75,14.0,1
41067,41,2022-07,14.75,13.5,14.75,1
41067,41,2022-08,14.75,13.5,14.75,1
41067,41,2022-09,14.75,13.5,14.75,1
41067,41,2022-10,14.75,13.5,14.75,1
41067,41,2022-11,14.75,13.5,14.75,1
41067,41,2022-12,14.75,13.5,14.75,1
41067,41,2023-01,14.75,13.5,14.75,1
41067,41,2023-02,14.75,13.5,14.75,1
41067,41,2023-03,14.75,13.5,14.75,1
41067,41,2023-04,14.75,13.5,14.75,1
41067,41,2023-05,14.75,13.5,14.75,1
41067,41,2023-06,14.75,13.5,14.75,1
41067,41,2023-07,14.75,14.2,14.75,1
41067,41,2023-08,14.75,14.2,14.75,1
41067,41,2023-09,14.75,14.2,14.75,1
41067,41,2023-10,14.75,14.2,14.75,1
41067,41,2023-11,14.75,14.2,14.75,1
41067,41,2023-12,14.75,14.2,14.75,1
41067,41,2024-01,14.75,14.2,14.75,1
41067,41,2024-02,14.75,14.2,14.75,1
41067,41,2024-03,14.75,14.2,14.75,1
41067,41,2024-04,14.75,14.2,14.75,1
41067,41,2024-05,14.75,14.2,14.75,1
41067,41,2024-06,14.75,14.2,14.75,1
41067,41,2024-07,14.75,14.7,14.75,1
41067,41,2024-08,14.75,14.7,14.75,1
41067,41,2024-09,14.75,14.7,14.75,1
41067,41,2024-10,14.75,14.7,14.75,1
41067,41,2024-11,14.75,14.7,14.75,1
41067,41,2024-12,14.75,14.7,14.75,1
41067,41,2025-01,14.75,14.7,14.75,1
41067,41,2025-02,14.75,14.7,14.75,1
41067,41,2025-03,14.75,14.7,14.75,1
41067,41,2025-04,14.75,14.7,14.75,1
41067,41,2025-05,14.75,14.7,14.75,1
41067,41,2025-06,14.75,14.7,14.75,1
41067,41,2025-07,14.75,15.05,15.05,0
41067,41,2025-08,14.75,15.05,15.05,0
41067,41,2025-09,14.75,15.05,15.05,0
41067,41,2025-10,14.75,15.05,15.05,0
41067,41,2025-11,14.75,15.05,15.05,0
41067,41,2025-12,14.75,15.05,15.05,0
53033,53,2015-04,11.0,9.47,11.0,1
53033,53,2015-05,11.0,9.47,11.0,1
53033,53,2015-06,11.0,9.47,11.0,1
53033,53,2015-07,11.0,9.47,11.0,1
53033,53,2015-08,11.0,9.47,11.0,1
53033,53,2015-09,11.0,9.47,11.0,1
53033,53,2015-10,11.0,9.47,11.0,1
53033,53,2015-11,11.0,9.47,11.0,1
53033,53,2015-12,11.0,9.47,11.0,1
53033,53,2016-01,13.0,9.47,13.0,1
53033,53,2016-02,13.0,9.47,13.0,1
53033,53,2016-03,13.0,9.47,13.0,1
53033,53,2016-04,13.0,9.47,13.0,1
53033,53,2016-05,13.0,9.47,13.0,1
53033,53,2016-06,13.0,9.47,13.0,1
53033,53,2016-07,13.0,9.47,13.0,1
53033,53,2016-08,13.0,9.47,13.0,1
53033,53,2016-09,13.0,9.47,13.0,1
53033,53,2016-10,13.0,9.47,13.0,1
53033,53,2016-11,13.0,9.47,13.0,1
53033,53,2016-12,13.0,9.47,13.0,1
53033,53,2017-01,15.0,11.0,15.0,1
53033,53,2017-02,15.0,11.0,15.0,1
53033,53,2017-03,15.0,11.0,15.0,1
53033,53,2017-04,15.0,11.0,15.0,1
53033,53,2017-05,15.0,11.0,15.0,1
53033,53,2017-06,15.0,11.0,15.0,1
53033,53,2017-07,15.0,11.0,15.0,1
53033,53,2017-08,15.0,11.0,15.0,1
53033,53,2017-09,15.0,11.0,15.0,1
53033,53,2017-10,15.0,11.0,15.0,1
53033,53,2017-11,15.0,11.0,15.0,1
53033,53,2017-12,15.0,11.0,15.0,1
53033,53,2018-01,15.45,11.5,15.45,1
53033,53,2018-02,15.45,11.5,15.45,1
53033,53,2018-03,15.45,11.5,15.45,1
53033,53,2018-04,15.45,11.5,15.45,1
53033,53,2018-05,15.45,11.5,15.45,1
53033,53,2018-06,15.45,11.5,15.45,1
53033,53,2018-07,15.45,11.5,15.45,1
53033,53,2018-08,15.45,11.5,15.45,1
53033,53,2018-09,15.45,11.5,15.45,1
53033,53,2018-10,15.45,11.5,15.45,1
53033,53,2018-11,15.45,11.5,15.45,1
53033,53,2018-12,15.45,11.5,15.45,1
53033,53,2019-01,16.0,12.0,16.0,1
53033,53,2019-02,16.0,12.0,16.0,1
53033,53,2019-03,16.0,12.0,16.0,1
53033,53,2019-04,16.0,12.0,16.0,1
53033,53,2019-05,16.0,12.0,16.0,1
53033,53,2019-06,16.0,12.0,16.0,1
53033,53,2019-07,16.0,12.0,16.0,1
53033,53,2019-08,16.0,12.0,16.0,1
53033,53,2019-09,16.0,12.0,16.0,1
53033,53,2019-10,16.0,12.0,16.0,1
53033,53,2019-11,16.0,12.0,16.0,1
53033,53,2019-12,16.0,12.0,16.0,1
53033,53,2020-01,15.75,13.5,15.75,1
53033,53,2020-02,15.75,13.5,15.75,1
53033,53,2020-03,15.75,13.5,15.75,1
53033,53,2020-04,15.75,13.5,15.75,1
53033,53,2020-05,15.75,13.5,15.75,1
53033,53,2020-06,15.75,13.5,15.75,1
53033,53,2020-07,15.75,13.5,15.75,1
53033,53,2020-08,15.75,13.5,15.75,1
53033,53,2020-09,15.75,13.5,15.75,1
53033,53,2020-10,15.75,13.5,15.75,1
53033,53,2020-11,15.75,13.5,15.75,1
53033,53,2020-12,15.75,13.5,15.75,1
53033,53,2021-01,16.69,13.96,16.69,1
53033,53,2021-02,16.69,13.96,16.69,1
53033,53,2021-03,16.69,13.96,16.69,1
53033,53,2021-04,16.69,13.96,16.69,1
53033,53,2021-05,16.69,13.96,16.69,1
53033,53,2021-06,16.69,13.96,16.69,1
53033,53,2021-07,16.69,13.96,16.69,1
53033,53,2021-08,16.69,13.96,16.69,1
53033,53,2021-09,16.69,13.96,16.69,1
53033,53,2021-10,16.69,13.96,16.69,1
53033,53,2021-11,16.69,13.96,16.69,1
53033,53,2021-12,16.69,13.96,16.69,1
53033,53,2022-01,17.27,14.49,17.27,1
53033,53,2022-02,17.27,14.49,17.27,1
53033,53,2022-03,17.27,14.49,17.27,1
53033,53,2022-04,17.27,14.49,17.27,1
53033,53,2022-05,17.27,14.49,17.27,1
53033,53,2022-06,17.27,14.49,17.27,1
53033,53,2022-07,17.27,14.49,17.27,1
53033,53,2022-08,17.27,14.49,17.27,1
53033,53,2022-09,17.27,14.49,17.27,1
53033,53,2022-10,17.27,14.49,17.27,1
53033,53,2022-11,17.27,14.49,17.27,1
53033,53,2022-12,17.27,14.49,17.27,1
53033,53,2023-01,17.27,15.74,17.27,1
53033,53,2023-02,17.27,15.74,17.27,1
53033,53,2023-03,17.27,15.74,17.27,1
53033,53,2023-04,17.27,15.74,17.27,1
53033,53,2023-05,17.27,15.74,17.27,1
53033,53,2023-06,17.27,15.74,17.27,1
53033,53,2023-07,17.27,15.74,17.27,1
53033,53,2023-08,17.27,15.74,17.27,1
53033,53,2023-09,17.27,15.74,17.27,1
53033,53,2023-10,17.27,15.74,17.27,1
53033,53,2023-11,17.27,15.74,17.27,1
53033,53,2023-12,17.27,15.74,17.27,1
53033,53,2024-01,17.27,16.28,17.27,1
53033,53,2024-02,17.27,16.28,17.27,1
53033,53,2024-03,17.27,16.28,17.27,1
53033,53,2024-04,17.27,16.28,17.27,1
53033,53,2024-05,17.27,16.28,17.27,1
53033,53,2024-06,17.27,16.28,17.27,1
53033,53,2024-07,17.27,16.28,17.27,1
53033,53,2024-08,17.27,16.28,17.27,1
53033,53,2024-09,17.27,16.28,17.27,1
53033,53,2024-10,17.27,16.28,17.27,1
53033,53,2024-11,17.27,16.28,17.27,1
53033,53,2024-12,17.27,16.28,17.27,1
53033,53,2025-01,17.27,16.66,17.27,1
53033,53,2025-02,17.27,16.66,17.27,1
53033,53,2025-03,17.27,16.66,17.27,1
53033,53,2025-04,17.27,16.66,17.27,1
53033,53,2025-05,17.27,16.66,17.27,1
53033,53,2025-06,17.27,16.66,17.27,1
53033,53,2025-07,17.27,16.66,17.27,1
53033,53,2025-08,17.27,16.66,17.27,1
53033,53,2025-09,17.27,16.66,17.27,1
53033,53,2025-10,17.27,16.66,17.27,1
53033,53,2025-11,17.27,16.66,17.27,1
53033,53,2025-12,17.27,16.66,17.27,1
53053,53,2016-02,10.35,9.47,10.35,1
53053,53,2016-03,10.35,9.47,10.35,1
53053,53,2016-04,10.35,9.47,10.35,1
53053,53,2016-05,10.35,9.47,10.35,1
53053,53,2016-06,10.35,9.47,10.35,1
53053,53,2016-07,10.35,9.47,10.35,1
53053,53,2016-08,10.35,9.47,10.35,1
53053,53,2016-09,10.35,9.47,10.35,1
53053,53,2016-10,10.35,9.47,10.35,1
53053,53,2016-11,10.35,9.47,10.35,1
53053,53,2016-12,10.35,9.47,10.35,1
53053,53,2017-01,11.15,11.0,11.15,1
53053,53,2017-02,11.15,11.0,11.15,1
53053,53,2017-03,11.15,11.0,11.15,1
53053,53,2017-04,11.15,11.0,11.15,1
53053,53,2017-05,11.15,11.0,11.15,1
53053,53,2017-06,11.15,11.0,11.15,1
53053,53,2017-07,11.15,11.0,11.15,1
53053,53,2017-08,11.15,11.0,11.15,1
53053,53,2017-09,11.15,11.0,11.15,1
53053,53,2017-10,11.15,11.0,11.15,1
53053,53,2017-11,11.15,11.0,11.15,1
53053,53,2017-12,11.15,11.0,11.15,1
53053,53,2018-01,12.0,11.5,12.0,1
53053,53,2018-02,12.0,11.5,12.0,1
53053,53,2018-03,12.0,11.5,12.0,1
53053,53,2018-04,12.0,11.5,12.0,1
53053,53,2018-05,12.0,11.5,12.0,1
53053,53,2018-06,12.0,11.5,12.0,1
53053,53,2018-07,12.0,11.5,12.0,1
53053,53,2018-08,12.0,11.5,12.0,1
53053,53,2018-09,12.0,11.5,12.0,1
53053,53,2018-10,12.0,11.5,12.0,1
53053,53,2018-11,12.0,11.5,12.0,1
53053,53,2018-12,12.0,11.5,12.0,1
53053,53,2019-01,12.35,12.0,12.35,1
53053,53,2019-02,12.35,12.0,12.35,1
53053,53,2019-03,12.35,12.0,12.35,1
53053,53,2019-04,12.35,12.0,12.35,1
53053,53,2019-05,12.35,12.0,12.35,1
53053,53,2019-06,12.35,12.0,12.35,1
53053,53,2019-07,12.35,12.0,12.35,1
53053,53,2019-08,12.35,12.0,12.35,1
53053,53,2019-09,12.35,12.0,12.35,1
53053,53,2019-10,12.35,12.0,12.35,1
53053,53,2019-11,12.35,12.0,12.35,1
53053,53,2019-12,12.35,12.0,12.35,1
53053,53,2020-01,12.35,13.5,13.5,0
53053,53,2020-02,12.35,13.5,13.5,0
53053,53,2020-03,12.35,13.5,13.5,0
53053,53,2020-04,12.35,13.5,13.5,0
53053,53,2020-05,12.35,13.5,13.5,0
53053,53,2020-06,12.35,13.5,13.5,0
53053,53,2020-07,12.35,13.5,13.5,0
53053,53,2020-08,12.35,13.5,13.5,0
53053,53,2020-09,12.35,13.5,13.5,0
53053,53,2020-10,12.35,13.5,13.5,0
53053,53,2020-11,12.35,13.5,13.5,0
53053,53,2020-12,12.35,13.5,13.5,0
53053,53,2021-01,12.35,13.96,13.96,0
53053,53,2021-02,12.35,13.96,13.96,0
53053,53,2021-03,12.35,13.96,13.96,0
53053,53,2021-04,12.35,13.96,13.96,0
53053,53,2021-05,12.35,13.96,13.96,0
53053,53,2021-06,12.35,13.96,13.96,0
53053,53,2021-07,12.35,13.96,13.96,0
53053,53,2021-08,12.35,13.96,13.96,0
53053,53,2021-09,12.35,13.96,13.96,0
53053,53,2021-10,12.35,13.96,13.96,0
53053,53,2021-11,12.35,13.96,13.96,0
53053,53,2021-12,12.35,13.96,13.96,0
53053,53,2022-01,12.35,14.49,14.49,0
53053,53,2022-02,12.35,14.49,14.49,0
53053,53,2022-03,12.35,14.49,14.49,0
53053,53,2022-04,12.35,14.49,14.49,0
53053,53,2022-05,12.35,14.49,14.49,0
53053,53,2022-06,12.35,14.49,14.49,0
53053,53,2022-07,12.35,14.49,14.49,0
53053,53,2022-08,12.35,14.49,14.49,0
53053,53,2022-09,12.35,14.49,14.49,0
53053,53,2022-10,12.35,14.49,14.49,0
53053,53,2022-11,12.35,14.49,14.49,0
53053,53,2022-12,12.35,14.49,14.49,0
53053,53,2023-01,12.35,15.74,15.74,0
53053,53,2023-02,12.35,15.74,15.74,0
53053,53,2023-03,12.35,15.74,15.74,0
53053,53,2023-04,12.35,15.74,15.74,0
53053,53,2023-05,12.35,15.74,15.74,0
53053,53,2023-06,12.35,15.74,15.74,0
53053,53,2023-07,12.35,15.74,15.74,0
53053,53,2023-08,12.35,15.74,15.74,0
53053,53,2023-09,12.35,15.74,15.74,0
53053,53,2023-10,12.35,15.74,15.74,0
53053,53,2023-11,12.35,15.74,15.74,0
53053,53,2023-12,12.35,15.74,15.74,0
53053,53,2024-01,12.35,16.28,16.28,0
53053,53,2024-02,12.35,16.28,16.28,0
53053,53,2024-03,12.35,16.28,16.28,0
53053,53,2024-04,12.35,16.28,16.28,0
53053,53,2024-05,12.35,16.28,16.28,0
53053,53,2024-06,12.35,16.28,16.28,0
53053,53,2024-07,12.35,16.28,16.28,0
53053,53,2024-08,12.35,16.28,16.28,0
53053,53,2024-09,12.35,16.28,16.28,0
53053,53,2024-10,12.35,16.28,16.28,0
53053,53,2024-11,12.35,16.28,16.28,0
53053,53,2024-12,12.35,16.28,16.28,0
53053,53,2025-01,12.35,16.66,16.66,0
53053,53,2025-02,12.35,16.66,16.66,0
53053,53,2025-03,12.35,16.66,16.66,0
53053,53,2025-04,12.35,16.66,16.66,0
53053,53,2025-05,12.35,16.66,16.66,0
53053,53,2025-06,12.35,16.66,16.66,0
53053,53,2025-07,12.35,16.66,16.66,0
53053,53,2025-08,12.35,16.66,16.66,0
53053,53,2025-09,12.35,16.66,16.66,0
53053,53,2025-10,12.35,16.66,16.66,0
53053,53,2025-11,12.35,16.66,16.66,0
53053,53,2025-12,12.35,16.66,16.66,0
41001,41,2016-07,9.5,9.75,9.5,0
41001,41,2016-08,9.5,9.75,9.5,0
41001,41,2016-09,9.5,9.75,9.5,0
41001,41,2016-10,9.5,9.75,9.5,0
41001,41,2016-11,9.5,9.75,9.5,0
41001,41,2016-12,9.5,9.75,9.5,0
41001,41,2017-01,9.5,9.75,9.5,0
41001,41,2017-02,9.5,9.75,9.5,0
41001,41,2017-03,9.5,9.75,9.5,0
41001,41,2017-04,9.5,9.75,9.5,0
41001,41,2017-05,9.5,9.75,9.5,0
41001,41,2017-06,9.5,9.75,9.5,0
41001,41,2017-07,10.0,10.25,10.0,0
41001,41,2017-08,10.0,10.25,10.0,0
41001,41,2017-09,10.0,10.25,10.0,0
41001,41,2017-10,10.0,10.25,10.0,0
41001,41,2017-11,10.0,10.25,10.0,0
41001,41,2017-12,10.0,10.25,10.0,0
41001,41,2018-01,10.0,10.25,10.0,0
41001,41,2018-02,10.0,10.25,10.0,0
41001,41,2018-03,10.0,10.25,10.0,0
41001,41,2018-04,10.0,10.25,10.0,0
41001,41,2018-05,10.0,10.25,10.0,0
41001,41,2018-06,10.0,10.25,10.0,0
41001,41,2018-07,10.5,10.75,10.5,0
41001,41,2018-08,10.5,10.75,10.5,0
41001,41,2018-09,10.5,10.75,10.5,0
41001,41,2018-10,10.5,10.75,10.5,0
41001,41,2018-11,10.5,10.75,10.5,0
41001,41,2018-12,10.5,10.75,10.5,0
41001,41,2019-01,10.5,10.75,10.5,0
41001,41,2019-02,10.5,10.75,10.5,0
41001,41,2019-03,10.5,10.75,10.5,0
41001,41,2019-04,10.5,10.75,10.5,0
41001,41,2019-05,10.5,10.75,10.5,0
41001,41,2019-06,10.5,10.75,10.5,0
41001,41,2019-07,11.0,11.25,11.0,0
41001,41,2019-08,11.0,11.25,11.0,0
41001,41,2019-09,11.0,11.25,11.0,0
41001,41,2019-10,11.0,11.25,11.0,0
41001,41,2019-11,11.0,11.25,11.0,0
41001,41,2019-12,11.0,11.25,11.0,0
41001,41,2020-01,11.0,11.25,11.0,0
41001,41,2020-02,11.0,11.25,11.0,0
41001,41,2020-03,11.0,11.25,11.0,0
41001,41,2020-04,11.0,11.25,11.0,0
41001,41,2020-05,11.0,11.25,11.0,0
41001,41,2020-06,11.0,11.25,11.0,0
41001,41,2020-07,11.5,12.0,11.5,0
41001,41,2020-08,11.5,12.0,11.5,0
41001,41,2020-09,11.5,12.0,11.5,0
41001,41,2020-10,11.5,12.0,11.5,0
41001,41,2020-11,11.5,12.0,11.5,0
41001,41,2020-12,11.5,12.0,11.5,0
41001,41,2021-01,11.5,12.0,11.5,0
41001,41,2021-02,11.5,12.0,11.5,0
41001,41,2021-03,11.5,12.0,11.5,0
41001,41,2021-04,11.5,12.0,11.5,0
41001,41,2021-05,11.5,12.0,11.5,0
41001,41,2021-06,11.5,12.0,11.5,0
41001,41,2021-07,12.0,12.75,12.0,0
41001,41,2021-08,12.0,12.75,12.0,0
41001,41,2021-09,12.0,12.75,12.0,0
41001,41,2021-10,12.0,12.75,12.0,0
41001,41,2021-11,12.0,12.75,12.0,0
41001,41,2021-12,12.0,12.75,12.0,0
41001,41,2022-01,12.0,12.75,12.0,0
41001,41,2022-02,12.0,12.75,12.0,0
41001,41,2022-03,12.0,12.75,12.0,0
41001,41,2022-04,12.0,12.75,12.0,0
41001,41,2022-05,12.0,12.75,12.0,0
41001,41,2022-06,12.0,12.75,12.0,0
41001,41,2022-07,12.5,13.5,12.5,0
41001,41,2022-08,12.5,13.5,12.5,0
41001,41,2022-09,12.5,13.5,12.5,0
41001,41,2022-10,12.5,13.5,12.5,0
41001,41,2022-11,12.5,13.5,12.5,0
41001,41,2022-12,12.5,13.5,12.5,0
41001,41,2023-01,12.5,13.5,12.5,0
41001,41,2023-02,12.5,13.5,12.5,0
41001,41,2023-03,12.5,13.5,12.5,0
41001,41,2023-04,12.5,13.5,12.5,0
41001,41,2023-05,12.5,13.5,12.5,0
41001,41,2023-06,12.5,13.5,12.5,0
41001,41,2023-07,12.5,14.2,12.5,0
41001,41,2023-08,12.5,14.2,12.5,0
41001,41,2023-09,12.5,14.2,12.5,0
41001,41,2023-10,12.5,14.2,12.5,0
41001,41,2023-11,12.5,14.2,12.5,0
41001,41,2023-12,12.5,14.2,12.5,0
41001,41,2024-01,12.5,14.2,12.5,0
41001,41,2024-02,12.5,14.2,12.5,0
41001,41,2024-03,12.5,14.2,12.5,0
41001,41,2024-04,12.5,14.2,12.5,0
41001,41,2024-05,12.5,14.2,12.5,0
41001,41,2024-06,12.5,14.2,12.5,0
41001,41,2024-07,12.5,14.7,12.5,0
41001,41,2024-08,12.5,14.7,12.5,0
41001,41,2024-09,12.5,14.7,12.5,0
41001,41,2024-10,12.5,14.7,12.5,0
41001,41,2024-11,12.5,14.7,12.5,0
41001,41,2024-12,12.5,14.7,12.5,0
41001,41,2025-01,12.5,14.7,12.5,0
41001,41,2025-02,12.5,14.7,12.5,0
41001,41,2025-03,12.5,14.7,12.5,0
41001,41,2025-04,12.5,14.7,12.5,0
41001,41,2025-05,12.5,14.7,12.5,0
41001,41,2025-06,12.5,14.7,12.5,0
41001,41,2025-07,12.5,15.05,12.5,0
41001,41,2025-08,12.5,15.05,12.5,0
41001,41,2025-09,12.5,15.05,12.5,0
41001,41,2025-10,12.5,15.05,12.5,0
41001,41,2025-11,12.5,15.05,12.5,0
41001,41,2025-12,12.5,15.05,12.5,0
41011,41,2016-07,9.5,9.75,9.5,0
41011,41,2016-08,9.5,9.75,9.5,0
41011,41,2016-09,9.5,9.75,9.5,0
41011,41,2016-10,9.5,9.75,9.5,0
41011,41,2016-11,9.5,9.75,9.5,0
41011,41,2016-12,9.5,9.75,9.5,0
41011,41,2017-01,9.5,9.75,9.5,0
41011,41,2017-02,9.5,9.75,9.5,0
41011,41,2017-03,9.5,9.75,9.5,0
41011,41,2017-04,9.5,9.75,9.5,0
41011,41,2017-05,9.5,9.75,9.5,0
41011,41,2017-06,9.5,9.75,9.5,0
41011,41,2017-07,10.0,10.25,10.0,0
41011,41,2017-08,10.0,10.25,10.0,0
41011,41,2017-09,10.0,10.25,10.0,0
41011,41,2017-10,10.0,10.25,10.0,0
41011,41,2017-11,10.0,10.25,10.0,0
41011,41,2017-12,10.0,10.25,10.0,0
41011,41,2018-01,10.0,10.25,10.0,0
41011,41,2018-02,10.0,10.25,10.0,0
41011,41,2018-03,10.0,10.25,10.0,0
41011,41,2018-04,10.0,10.25,10.0,0
41011,41,2018-05,10.0,10.25,10.0,0
41011,41,2018-06,10.0,10.25,10.0,0
41011,41,2018-07,10.5,10.75,10.5,0
41011,41,2018-08,10.5,10.75,10.5,0
41011,41,2018-09,10.5,10.75,10.5,0
41011,41,2018-10,10.5,10.75,10.5,0
41011,41,2018-11,10.5,10.75,10.5,0
41011,41,2018-12,10.5,10.75,10.5,0
41011,41,2019-01,10.5,10.75,10.5,0
41011,41,2019-02,10.5,10.75,10.5,0
41011,41,2019-03,10.5,10.75,10.5,0
41011,41,2019-04,10.5,10.75,10.5,0
41011,41,2019-05,10.5,10.75,10.5,0
41011,41,2019-06,10.5,10.75,10.5,0
41011,41,2019-07,11.0,11.25,11.0,0
41011,41,2019-08,11.0,11.25,11.0,0
41011,41,2019-09,11.0,11.25,11.0,0
41011,41,2019-10,11.0,11.25,11.0,0
41011,41,2019-11,11.0,11.25,11.0,0
41011,41,2019-12,11.0,11.25,11.0,0
41011,41,2020-01,11.0,11.25,11.0,0
41011,41,2020-02,11.0,11.25,11.0,0
41011,41,2020-03,11.0,11.25,11.0,0
41011,41,2020-04,11.0,11.25,11.0,0
41011,41,2020-05,11.0,11.25,11.0,0
41011,41,2020-06,11.0,11.25,11.0,0
41011,41,2020-07,11.5,12.0,11.5,0
41011,41,2020-08,11.5,12.0,11.5,0
41011,41,2020-09,11.5,12.0,11.5,0
41011,41,2020-10,11.5,12.0,11.5,0
41011,41,2020-11,11.5,12.0,11.5,0
41011,41,2020-12,11.5,12.0,11.5,0
41011,41,2021-01,11.5,12.0,11.5,0
41011,41,2021-02,11.5,12.0,11.5,0
41011,41,2021-03,11.5,12.0,11.5,0
41011,41,2021-04,11.5,12.0,11.5,0
41011,41,2021-05,11.5,12.0,11.5,0
41011,41,2021-06,11.5,12.0,11.5,0
41011,41,2021-07,12.0,12.75,12.0,0
41011,41,2021-08,12.0,12.75,12.0,0
41011,41,2021-09,12.0,12.75,12.0,0
41011,41,2021-10,12.0,12.75,12.0,0
41011,41,2021-11,12.0,12.75,12.0,0
41011,41,2021-12,12.0,12.75,12.0,0
41011,41,2022-01,12.0,12.75,12.0,0
41011,41,2022-02,12.0,12.75,12.0,0
41011,41,2022-03,12.0,12.75,12.0,0
41011,41,2022-04,12.0,12.75,12.0,0
41011,41,2022-05,12.0,12.75,12.0,0
41011,41,2022-06,12.0,12.75,12.0,0
41011,41,2022-07,12.5,13.5,12.5,0
41011,41,2022-08,12.5,13.5,12.5,0
41011,41,2022-09,12.5,13.5,12.5,0
41011,41,2022-10,12.5,13.5,12.5,0
41011,41,2022-11,12.5,13.5,12.5,0
41011,41,2022-12,12.5,13.5,12.5,0
41011,41,2023-01,12.5,13.5,12.5,0
41011,41,2023-02,12.5,13.5,12.5,0
41011,41,2023-03,12.5,13.5,12.5,0
41011,41,2023-04,12.5,13.5,12.5,0
41011,41,2023-05,12.5,13.5,12.5,0
41011,41,2023-06,12.5,13.5,12.5,0
41011,41,2023-07,12.5,14.2,12.5,0
41011,41,2023-08,12.5,14.2,12.5,0
41011,41,2023-09,12.5,14.2,12.5,0
41011,41,2023-10,12.5,14.2,12.5,0
41011,41,2023-11,12.5,14.2,12.5,0
41011,41,2023-12,12.5,14.2,12.5,0
41011,41,2024-01,12.5,14.2,12.5,0
41011,41,2024-02,12.5,14.2,12.5,0
41011,41,2024-03,12.5,14.2,12.5,0
41011,41,2024-04,12.5,14.2,12.5,0
41011,41,2024-05,12.5,14.2,12.5,0
41011,41,2024-06,12.5,14.2,12.5,0
41011,41,2024-07,12.5,14.7,12.5,0
41011,41,2024-08,12.5,14.7,12.5,0
41011,41,2024-09,12.5,14.7,12.5,0
41011,41,2024-10,12.5,14.7,12.5,0
41011,41,2024-11,12.5,14.7,12.5,0
41011,41,2024-12,12.5,14.7,12.5,0
41011,41,2025-01,12.5,14.7,12.5,0
41011,41,2025-02,12.5,14.7,12.5,0
41011,41,2025-03,12.5,14.7,12.5,0
41011,41,2025-04,12.5,14.7,12.5,0
41011,41,2025-05,12.5,14.7,12.5,0
41011,41,2025-06,12.5,14.7,12.5,0
41011,41,2025-07,12.5,15.05,12.5,0
41011,41,2025-08,12.5,15.05,12.5,0
41011,41,2025-09,12.5,15.05,12.5,0
41011,41,2025-10,12.5,15.05,12.5,0
41011,41,2025-11,12.5,15.05,12.5,0
41011,41,2025-12,12.5,15.05,12.5,0
41013,41,2016-07,9.5,9.75,9.5,0
41013,41,2016-08,9.5,9.75,9.5,0
41013,41,2016-09,9.5,9.75,9.5,0
41013,41,2016-10,9.5,9.75,9.5,0
41013,41,2016-11,9.5,9.75,9.5,0
41013,41,2016-12,9.5,9.75,9.5,0
41013,41,2017-01,9.5,9.75,9.5,0
41013,41,2017-02,9.5,9.75,9.5,0
41013,41,2017-03,9.5,9.75,9.5,0
41013,41,2017-04,9.5,9.75,9.5,0
41013,41,2017-05,9.5,9.75,9.5,0
41013,41,2017-06,9.5,9.75,9.5,0
41013,41,2017-07,10.0,10.25,10.0,0
41013,41,2017-08,10.0,10.25,10.0,0
41013,41,2017-09,10.0,10.25,10.0,0
41013,41,2017-10,10.0,10.25,10.0,0
41013,41,2017-11,10.0,10.25,10.0,0
41013,41,2017-12,10.0,10.25,10.0,0
41013,41,2018-01,10.0,10.25,10.0,0
41013,41,2018-02,10.0,10.25,10.0,0
41013,41,2018-03,10.0,10.25,10.0,0
41013,41,2018-04,10.0,10.25,10.0,0
41013,41,2018-05,10.0,10.25,10.0,0
41013,41,2018-06,10.0,10.25,10.0,0
41013,41,2018-07,10.5,10.75,10.5,0
41013,41,2018-08,10.5,10.75,10.5,0
41013,41,2018-09,10.5,10.75,10.5,0
41013,41,2018-10,10.5,10.75,10.5,0
41013,41,2018-11,10.5,10.75,10.5,0
41013,41,2018-12,10.5,10.75,10.5,0
41013,41,2019-01,10.5,10.75,10.5,0
41013,41,2019-02,10.5,10.75,10.5,0
41013,41,2019-03,10.5,10.75,10.5,0
41013,41,2019-04,10.5,10.75,10.5,0
41013,41,2019-05,10.5,10.75,10.5,0
41013,41,2019-06,10.5,10.75,10.5,0
41013,41,2019-07,11.0,11.25,11.0,0
41013,41,2019-08,11.0,11.25,11.0,0
41013,41,2019-09,11.0,11.25,11.0,0
41013,41,2019-10,11.0,11.25,11.0,0
41013,41,2019-11,11.0,11.25,11.0,0
41013,41,2019-12,11.0,11.25,11.0,0
41013,41,2020-01,11.0,11.25,11.0,0
41013,41,2020-02,11.0,11.25,11.0,0
41013,41,2020-03,11.0,11.25,11.0,0
41013,41,2020-04,11.0,11.25,11.0,0
41013,41,2020-05,11.0,11.25,11.0,0
41013,41,2020-06,11.0,11.25,11.0,0
41013,41,2020-07,11.5,12.0,11.5,0
41013,41,2020-08,11.5,12.0,11.5,0
41013,41,2020-09,11.5,12.0,11.5,0
41013,41,2020-10,11.5,12.0,11.5,0
41013,41,2020-11,11.5,12.0,11.5,0
41013,41,2020-12,11.5,12.0,11.5,0
41013,41,2021-01,11.5,12.0,11.5,0
41013,41,2021-02,11.5,12.0,11.5,0
41013,41,2021-03,11.5,12.0,11.5,0
41013,41,2021-04,11.5,12.0,11.5,0
41013,41,2021-05,11.5,12.0,11.5,0
41013,41,2021-06,11.5,12.0,11.5,0
41013,41,2021-07,12.0,12.75,12.0,0
41013,41,2021-08,12.0,12.75,12.0,0
41013,41,2021-09,12.0,12.75,12.0,0
41013,41,2021-10,12.0,12.75,12.0,0
41013,41,2021-11,12.0,12.75,12.0,0
41013,41,2021-12,12.0,12.75,12.0,0
41013,41,2022-01,12.0,12.75,12.0,0
41013,41,2022-02,12.0,12.75,12.0,0
41013,41,2022-03,12.0,12.75,12.0,0
41013,41,2022-04,12.0,12.75,12.0,0
41013,41,2022-05,12.0,12.75,12.0,0
41013,41,2022-06,12.0,12.75,12.0,0
41013,41,2022-07,12.5,13.5,12.5,0
41013,41,2022-08,12.5,13.5,12.5,0
41013,41,2022-09,12.5,13.5,12.5,0
41013,41,2022-10,12.5,13.5,12.5,0
41013,41,2022-11,12.5,13.5,12.5,0
41013,41,2022-12,12.5,13.5,12.5,0
41013,41,2023-01,12.5,13.5,12.5,0
41013,41,2023-02,12.5,13.5,12.5,0
41013,41,2023-03,12.5,13.5,12.5,0
41013,41,2023-04,12.5,13.5,12.5,0
41013,41,2023-05,12.5,13.5,12.5,0
41013,41,2023-06,12.5,13.5,12.5,0
41013,41,2023-07,12.5,14.2,12.5,0
41013,41,2023-08,12.5,14.2,12.5,0
41013,41,2023-09,12.5,14.2,12.5,0
41013,41,2023-10,12.5,14.2,12.5,0
41013,41,2023-11,12.5,14.2,12.5,0
41013,41,2023-12,12.5,14.2,12.5,0
41013,41,2024-01,12.5,14.2,12.5,0
41013,41,2024-02,12.5,14.2,12.5,0
41013,41,2024-03,12.5,14.2,12.5,0
41013,41,2024-04,12.5,14.2,12.5,0
41013,41,2024-05,12.5,14.2,12.5,0
41013,41,2024-06,12.5,14.2,12.5,0
41013,41,2024-07,12.5,14.7,12.5,0
41013,41,2024-08,12.5,14.7,12.5,0
41013,41,2024-09,12.5,14.7,12.5,0
41013,41,2024-10,12.5,14.7,12.5,0
41013,41,2024-11,12.5,14.7,12.5,0
41013,41,2024-12,12.5,14.7,12.5,0
41013,41,2025-01,12.5,14.7,12.5,0
41013,41,2025-02,12.5,14.7,12.5,0
41013,41,2025-03,12.5,14.7,12.5,0
41013,41,2025-04,12.5,14.7,12.5,0
41013,41,2025-05,12.5,14.7,12.5,0
41013,41,2025-06,12.5,14.7,12.5,0
41013,41,2025-07,12.5,15.05,12.5,0
41013,41,2025-08,12.5,15.05,12.5,0
41013,41,2025-09,12.5,15.05,12.5,0
41013,41,2025-10,12.5,15.05,12.5,0
41013,41,2025-11,12.5,15.05,12.5,0
41013,41,2025-12,12.5,15.05,12.5,0
41015,41,2016-07,9.5,9.75,9.5,0
41015,41,2016-08,9.5,9.75,9.5,0
41015,41,2016-09,9.5,9.75,9.5,0
41015,41,2016-10,9.5,9.75,9.5,0
41015,41,2016-11,9.5,9.75,9.5,0
41015,41,2016-12,9.5,9.75,9.5,0
41015,41,2017-01,9.5,9.75,9.5,0
41015,41,2017-02,9.5,9.75,9.5,0
41015,41,2017-03,9.5,9.75,9.5,0
41015,41,2017-04,9.5,9.75,9.5,0
41015,41,2017-05,9.5,9.75,9.5,0
41015,41,2017-06,9.5,9.75,9.5,0
41015,41,2017-07,10.0,10.25,10.0,0
41015,41,2017-08,10.0,10.25,10.0,0
41015,41,2017-09,10.0,10.25,10.0,0
41015,41,2017-10,10.0,10.25,10.0,0
41015,41,2017-11,10.0,10.25,10.0,0
41015,41,2017-12,10.0,10.25,10.0,0
41015,41,2018-01,10.0,10.25,10.0,0
41015,41,2018-02,10.0,10.25,10.0,0
41015,41,2018-03,10.0,10.25,10.0,0
41015,41,2018-04,10.0,10.25,10.0,0
41015,41,2018-05,10.0,10.25,10.0,0
41015,41,2018-06,10.0,10.25,10.0,0
41015,41,2018-07,10.5,10.75,10.5,0
41015,41,2018-08,10.5,10.75,10.5,0
41015,41,2018-09,10.5,10.75,10.5,0
41015,41,2018-10,10.5,10.75,10.5,0
41015,41,2018-11,10.5,10.75,10.5,0
41015,41,2018-12,10.5,10.75,10.5,0
41015,41,2019-01,10.5,10.75,10.5,0
41015,41,2019-02,10.5,10.75,10.5,0
41015,41,2019-03,10.5,10.75,10.5,0
41015,41,2019-04,10.5,10.75,10.5,0
41015,41,2019-05,10.5,10.75,10.5,0
41015,41,2019-06,10.5,10.75,10.5,0
41015,41,2019-07,11.0,11.25,11.0,0
41015,41,2019-08,11.0,11.25,11.0,0
41015,41,2019-09,11.0,11.25,11.0,0
41015,41,2019-10,11.0,11.25,11.0,0
41015,41,2019-11,11.0,11.25,11.0,0
41015,41,2019-12,11.0,11.25,11.0,0
41015,41,2020-01,11.0,11.25,11.0,0
41015,41,2020-02,11.0,11.25,11.0,0
41015,41,2020-03,11.0,11.25,11.0,0
41015,41,2020-04,11.0,11.25,11.0,0
41015,41,2020-05,11.0,11.25,11.0,0
41015,41,2020-06,11.0,11.25,11.0,0
41015,41,2020-07,11.5,12.0,11.5,0
41015,41,2020-08,11.5,12.0,11.5,0
41015,41,2020-09,11.5,12.0,11.5,0
41015,41,2020-10,11.5,12.0,11.5,0
41015,41,2020-11,11.5,12.0,11.5,0
41015,41,2020-12,11.5,12.0,11.5,0
41015,41,2021-01,11.5,12.0,11.5,0
41015,41,2021-02,11.5,12.0,11.5,0
41015,41,2021-03,11.5,12.0,11.5,0
41015,41,2021-04,11.5,12.0,11.5,0
41015,41,2021-05,11.5,12.0,11.5,0
41015,41,2021-06,11.5,12.0,11.5,0
41015,41,2021-07,12.0,12.75,12.0,0
41015,41,2021-08,12.0,12.75,12.0,0
41015,41,2021-09,12.0,12.75,12.0,0
41015,41,2021-10,12.0,12.75,12.0,0
41015,41,2021-11,12.0,12.75,12.0,0
41015,41,2021-12,12.0,12.75,12.0,0
41015,41,2022-01,12.0,12.75,12.0,0
41015,41,2022-02,12.0,12.75,12.0,0
41015,41,2022-03,12.0,12.75,12.0,0
41015,41,2022-04,12.0,12.75,12.0,0
41015,41,2022-05,12.0,12.75,12.0,0
41015,41,2022-06,12.0,12.75,12.0,0
41015,41,2022-07,12.5,13.5,12.5,0
41015,41,2022-08,12.5,13.5,12.5,0
41015,41,2022-09,12.5,13.5,12.5,0
41015,41,2022-10,12.5,13.5,12.5,0
41015,41,2022-11,12.5,13.5,12.5,0
41015,41,2022-12,12.5,13.5,12.5,0
41015,41,2023-01,12.5,13.5,12.5,0
41015,41,2023-02,12.5,13.5,12.5,0
41015,41,2023-03,12.5,13.5,12.5,0
41015,41,2023-04,12.5,13.5,12.5,0
41015,41,2023-05,12.5,13.5,12.5,0
41015,41,2023-06,12.5,13.5,12.5,0
41015,41,2023-07,12.5,14.2,12.5,0
41015,41,2023-08,12.5,14.2,12.5,0
41015,41,2023-09,12.5,14.2,12.5,0
41015,41,2023-10,12.5,14.2,12.5,0
41015,41,2023-11,12.5,14.2,12.5,0
41015,41,2023-12,12.5,14.2,12.5,0
41015,41,2024-01,12.5,14.2,12.5,0
41015,41,2024-02,12.5,14.2,12.5,0
41015,41,2024-03,12.5,14.2,12.5,0
41015,41,2024-04,12.5,14.2,12.5,0
41015,41,2024-05,12.5,14.2,12.5,0
41015,41,2024-06,12.5,14.2,12.5,0
41015,41,2024-07,12.5,14.7,12.5,0
41015,41,2024-08,12.5,14.7,12.5,0
41015,41,2024-09,12.5,14.7,12.5,0
41015,41,2024-10,12.5,14.7,12.5,0
41015,41,2024-11,12.5,14.7,12.5,0
41015,41,2024-12,12.5,14.7,12.5,0
41015,41,2025-01,12.5,14.7,12.5,0
41015,41,2025-02,12.5,14.7,12.5,0
41015,41,2025-03,12.5,14.7,12.5,0
41015,41,2025-04,12.5,14.7,12.5,0
41015,41,2025-05,12.5,14.7,12.5,0
41015,41,2025-06,12.5,14.7,12.5,0
41015,41,2025-07,12.5,15.05,12.5,0
41015,41,2025-08,12.5,15.05,12.5,0
41015,41,2025-09,12.5,15.05,12.5,0
41015,41,2025-10,12.5,15.05,12.5,0
41015,41,2025-11,12.5,15.05,12.5,0
41015,41,2025-12,12.5,15.05,12.5,0
41019,41,2016-07,9.5,9.75,9.5,0
41019,41,2016-08,9.5,9.75,9.5,0
41019,41,2016-09,9.5,9.75,9.5,0
41019,41,2016-10,9.5,9.75,9.5,0
41019,41,2016-11,9.5,9.75,9.5,0
41019,41,2016-12,9.5,9.75,9.5,0
41019,41,2017-01,9.5,9.75,9.5,0
41019,41,2017-02,9.5,9.75,9.5,0
41019,41,2017-03,9.5,9.75,9.5,0
41019,41,2017-04,9.5,9.75,9.5,0
41019,41,2017-05,9.5,9.75,9.5,0
41019,41,2017-06,9.5,9.75,9.5,0
41019,41,2017-07,10.0,10.25,10.0,0
41019,41,2017-08,10.0,10.25,10.0,0
41019,41,2017-09,10.0,10.25,10.0,0
41019,41,2017-10,10.0,10.25,10.0,0
41019,41,2017-11,10.0,10.25,10.0,0
41019,41,2017-12,10.0,10.25,10.0,0
41019,41,2018-01,10.0,10.25,10.0,0
41019,41,2018-02,10.0,10.25,10.0,0
41019,41,2018-03,10.0,10.25,10.0,0
41019,41,2018-04,10.0,10.25,10.0,0
41019,41,2018-05,10.0,10.25,10.0,0
41019,41,2018-06,10.0,10.25,10.0,0
41019,41,2018-07,10.5,10.75,10.5,0
41019,41,2018-08,10.5,10.75,10.5,0
41019,41,2018-09,10.5,10.75,10.5,0
41019,41,2018-10,10.5,10.75,10.5,0
41019,41,2018-11,10.5,10.75,10.5,0
41019,41,2018-12,10.5,10.75,10.5,0
41019,41,2019-01,10.5,10.75,10.5,0
41019,41,2019-02,10.5,10.75,10.5,0
41019,41,2019-03,10.5,10.75,10.5,0
41019,41,2019-04,10.5,10.75,10.5,0
41019,41,2019-05,10.5,10.75,10.5,0
41019,41,2019-06,10.5,10.75,10.5,0
41019,41,2019-07,11.0,11.25,11.0,0
41019,41,2019-08,11.0,11.25,11.0,0
41019,41,2019-09,11.0,11.25,11.0,0
41019,41,2019-10,11.0,11.25,11.0,0
41019,41,2019-11,11.0,11.25,11.0,0
41019,41,2019-12,11.0,11.25,11.0,0
41019,41,2020-01,11.0,11.25,11.0,0
41019,41,2020-02,11.0,11.25,11.0,0
41019,41,2020-03,11.0,11.25,11.0,0
41019,41,2020-04,11.0,11.25,11.0,0
41019,41,2020-05,11.0,11.25,11.0,0
41019,41,2020-06,11.0,11.25,11.0,0
41019,41,2020-07,11.5,12.0,11.5,0
41019,41,2020-08,11.5,12.0,11.5,0
41019,41,2020-09,11.5,12.0,11.5,0
41019,41,2020-10,11.5,12.0,11.5,0
41019,41,2020-11,11.5,12.0,11.5,0
41019,41,2020-12,11.5,12.0,11.5,0
41019,41,2021-01,11.5,12.0,11.5,0
41019,41,2021-02,11.5,12.0,11.5,0
41019,41,2021-03,11.5,12.0,11.5,0
41019,41,2021-04,11.5,12.0,11.5,0
41019,41,2021-05,11.5,12.0,11.5,0
41019,41,2021-06,11.5,12.0,11.5,0
41019,41,2021-07,12.0,12.75,12.0,0
41019,41,2021-08,12.0,12.75,12.0,0
41019,41,2021-09,12.0,12.75,12.0,0
41019,41,2021-10,12.0,12.75,12.0,0
41019,41,2021-11,12.0,12.75,12.0,0
41019,41,2021-12,12.0,12.75,12.0,0
41019,41,2022-01,12.0,12.75,12.0,0
41019,41,2022-02,12.0,12.75,12.0,0
41019,41,2022-03,12.0,12.75,12.0,0
41019,41,2022-04,12.0,12.75,12.0,0
41019,41,2022-05,12.0,12.75,12.0,0
41019,41,2022-06,12.0,12.75,12.0,0
41019,41,2022-07,12.5,13.5,12.5,0
41019,41,2022-08,12.5,13.5,12.5,0
41019,41,2022-09,12.5,13.5,12.5,0
41019,41,2022-10,12.5,13.5,12.5,0
41019,41,2022-11,12.5,13.5,12.5,0
41019,41,2022-12,12.5,13.5,12.5,0
41019,41,2023-01,12.5,13.5,12.5,0
41019,41,2023-02,12.5,13.5,12.5,0
41019,41,2023-03,12.5,13.5,12.5,0
41019,41,2023-04,12.5,13.5,12.5,0
41019,41,2023-05,12.5,13.5,12.5,0
41019,41,2023-06,12.5,13.5,12.5,0
41019,41,2023-07,12.5,14.2,12.5,0
41019,41,2023-08,12.5,14.2,12.5,0
41019,41,2023-09,12.5,14.2,12.5,0
41019,41,2023-10,12.5,14.2,12.5,0
41019,41,2023-11,12.5,14.2,12.5,0
41019,41,2023-12,12.5,14.2,12.5,0
41019,41,2024-01,12.5,14.2,12.5,0
41019,41,2024-02,12.5,14.2,12.5,0
41019,41,2024-03,12.5,14.2,12.5,0
41019,41,2024-04,12.5,14.2,12.5,0
41019,41,2024-05,12.5,14.2,12.5,0
41019,41,2024-06,12.5,14.2,12.5,0
41019,41,2024-07,12.5,14.7,12.5,0
41019,41,2024-08,12.5,14.7,12.5,0
41019,41,2024-09,12.5,14.7,12.5,0
41019,41,2024-10,12.5,14.7,12.5,0
41019,41,2024-11,12.5,14.7,12.5,0
41019,41,2024-12,12.5,14.7,12.5,0
41019,41,2025-01,12.5,14.7,12.5,0
41019,41,2025-02,12.5,14.7,12.5,0
41019,41,2025-03,12.5,14.7,12.5,0
41019,41,2025-04,12.5,14.7,12.5,0
41019,41,2025-05,12.5,14.7,12.5,0
41019,41,2025-06,12.5,14.7,12.5,0
41019,41,2025-07,12.5,15.05,12.5,0
41019,41,2025-08,12.5,15.05,12.5,0
41019,41,2025-09,12.5,15.05,12.5,0
41019,41,2025-10,12.5,15.05,12.5,0
41019,41,2025-11,12.5,15.05,12.5,0
41019,41,2025-12,12.5,15.05,12.5,0
41021,41,2016-07,9.5,9.75,9.5,0
41021,41,2016-08,9.5,9.75,9.5,0
41021,41,2016-09,9.5,9.75,9.5,0
41021,41,2016-10,9.5,9.75,9.5,0
41021,41,2016-11,9.5,9.75,9.5,0
41021,41,2016-12,9.5,9.75,9.5,0
41021,41,2017-01,9.5,9.75,9.5,0
41021,41,2017-02,9.5,9.75,9.5,0
41021,41,2017-03,9.5,9.75,9.5,0
41021,41,2017-04,9.5,9.75,9.5,0
41021,41,2017-05,9.5,9.75,9.5,0
41021,41,2017-06,9.5,9.75,9.5,0
41021,41,2017-07,10.0,10.25,10.0,0
41021,41,2017-08,10.0,10.25,10.0,0
41021,41,2017-09,10.0,10.25,10.0,0
41021,41,2017-10,10.0,10.25,10.0,0
41021,41,2017-11,10.0,10.25,10.0,0
41021,41,2017-12,10.0,10.25,10.0,0
41021,41,2018-01,10.0,10.25,10.0,0
41021,41,2018-02,10.0,10.25,10.0,0
41021,41,2018-03,10.0,10.25,10.0,0
41021,41,2018-04,10.0,10.25,10.0,0
41021,41,2018-05,10.0,10.25,10.0,0
41021,41,2018-06,10.0,10.25,10.0,0
41021,41,2018-07,10.5,10.75,10.5,0
41021,41,2018-08,10.5,10.75,10.5,0
41021,41,2018-09,10.5,10.75,10.5,0
41021,41,2018-10,10.5,10.75,10.5,0
41021,41,2018-11,10.5,10.75,10.5,0
41021,41,2018-12,10.5,10.75,10.5,0
41021,41,2019-01,10.5,10.75,10.5,0
41021,41,2019-02,10.5,10.75,10.5,0
41021,41,2019-03,10.5,10.75,10.5,0
41021,41,2019-04,10.5,10.75,10.5,0
41021,41,2019-05,10.5,10.75,10.5,0
41021,41,2019-06,10.5,10.75,10.5,0
41021,41,2019-07,11.0,11.25,11.0,0
41021,41,2019-08,11.0,11.25,11.0,0
41021,41,2019-09,11.0,11.25,11.0,0
41021,41,2019-10,11.0,11.25,11.0,0
41021,41,2019-11,11.0,11.25,11.0,0
41021,41,2019-12,11.0,11.25,11.0,0
41021,41,2020-01,11.0,11.25,11.0,0
41021,41,2020-02,11.0,11.25,11.0,0
41021,41,2020-03,11.0,11.25,11.0,0
41021,41,2020-04,11.0,11.25,11.0,0
41021,41,2020-05,11.0,11.25,11.0,0
41021,41,2020-06,11.0,11.25,11.0,0
41021,41,2020-07,11.5,12.0,11.5,0
41021,41,2020-08,11.5,12.0,11.5,0
41021,41,2020-09,11.5,12.0,11.5,0
41021,41,2020-10,11.5,12.0,11.5,0
41021,41,2020-11,11.5,12.0,11.5,0
41021,41,2020-12,11.5,12.0,11.5,0
41021,41,2021-01,11.5,12.0,11.5,0
41021,41,2021-02,11.5,12.0,11.5,0
41021,41,2021-03,11.5,12.0,11.5,0
41021,41,2021-04,11.5,12.0,11.5,0
41021,41,2021-05,11.5,12.0,11.5,0
41021,41,2021-06,11.5,12.0,11.5,0
41021,41,2021-07,12.0,12.75,12.0,0
41021,41,2021-08,12.0,12.75,12.0,0
41021,41,2021-09,12.0,12.75,12.0,0
41021,41,2021-10,12.0,12.75,12.0,0
41021,41,2021-11,12.0,12.75,12.0,0
41021,41,2021-12,12.0,12.75,12.0,0
41021,41,2022-01,12.0,12.75,12.0,0
41021,41,2022-02,12.0,12.75,12.0,0
41021,41,2022-03,12.0,12.75,12.0,0
41021,41,2022-04,12.0,12.75,12.0,0
41021,41,2022-05,12.0,12.75,12.0,0
41021,41,2022-06,12.0,12.75,12.0,0
41021,41,2022-07,12.5,13.5,12.5,0
41021,41,2022-08,12.5,13.5,12.5,0
41021,41,2022-09,12.5,13.5,12.5,0
41021,41,2022-10,12.5,13.5,12.5,0
41021,41,2022-11,12.5,13.5,12.5,0
41021,41,2022-12,12.5,13.5,12.5,0
41021,41,2023-01,12.5,13.5,12.5,0
41021,41,2023-02,12.5,13.5,12.5,0
41021,41,2023-03,12.5,13.5,12.5,0
41021,41,2023-04,12.5,13.5,12.5,0
41021,41,2023-05,12.5,13.5,12.5,0
41021,41,2023-06,12.5,13.5,12.5,0
41021,41,2023-07,12.5,14.2,12.5,0
41021,41,2023-08,12.5,14.2,12.5,0
41021,41,2023-09,12.5,14.2,12.5,0
41021,41,2023-10,12.5,14.2,12.5,0
41021,41,2023-11,12.5,14.2,12.5,0
41021,41,2023-12,12.5,14.2,12.5,0
41021,41,2024-01,12.5,14.2,12.5,0
41021,41,2024-02,12.5,14.2,12.5,0
41021,41,2024-03,12.5,14.2,12.5,0
41021,41,2024-04,12.5,14.2,12.5,0
41021,41,2024-05,12.5,14.2,12.5,0
41021,41,2024-06,12.5,14.2,12.5,0
41021,41,2024-07,12.5,14.7,12.5,0
41021,41,2024-08,12.5,14.7,12.5,0
41021,41,2024-09,12.5,14.7,12.5,0
41021,41,2024-10,12.5,14.7,12.5,0
41021,41,2024-11,12.5,14.7,12.5,0
41021,41,2024-12,12.5,14.7,12.5,0
41021,41,2025-01,12.5,14.7,12.5,0
41021,41,2025-02,12.5,14.7,12.5,0
41021,41,2025-03,12.5,14.7,12.5,0
41021,41,2025-04,12.5,14.7,12.5,0
41021,41,2025-05,12.5,14.7,12.5,0
41021,41,2025-06,12.5,14.7,12.5,0
41021,41,2025-07,12.5,15.05,12.5,0
41021,41,2025-08,12.5,15.05,12.5,0
41021,41,2025-09,12.5,15.05,12.5,0
41021,41,2025-10,12.5,15.05,12.5,0
41021,41,2025-11,12.5,15.05,12.5,0
41021,41,2025-12,12.5,15.05,12.5,0
41023,41,2016-07,9.5,9.75,9.5,0
41023,41,2016-08,9.5,9.75,9.5,0
41023,41,2016-09,9.5,9.75,9.5,0
41023,41,2016-10,9.5,9.75,9.5,0
41023,41,2016-11,9.5,9.75,9.5,0
41023,41,2016-12,9.5,9.75,9.5,0
41023,41,2017-01,9.5,9.75,9.5,0
41023,41,2017-02,9.5,9.75,9.5,0
41023,41,2017-03,9.5,9.75,9.5,0
41023,41,2017-04,9.5,9.75,9.5,0
41023,41,2017-05,9.5,9.75,9.5,0
41023,41,2017-06,9.5,9.75,9.5,0
41023,41,2017-07,10.0,10.25,10.0,0
41023,41,2017-08,10.0,10.25,10.0,0
41023,41,2017-09,10.0,10.25,10.0,0
41023,41,2017-10,10.0,10.25,10.0,0
41023,41,2017-11,10.0,10.25,10.0,0
41023,41,2017-12,10.0,10.25,10.0,0
41023,41,2018-01,10.0,10.25,10.0,0
41023,41,2018-02,10.0,10.25,10.0,0
41023,41,2018-03,10.0,10.25,10.0,0
41023,41,2018-04,10.0,10.25,10.0,0
41023,41,2018-05,10.0,10.25,10.0,0
41023,41,2018-06,10.0,10.25,10.0,0
41023,41,2018-07,10.5,10.75,10.5,0
41023,41,2018-08,10.5,10.75,10.5,0
41023,41,2018-09,10.5,10.75,10.5,0
41023,41,2018-10,10.5,10.75,10.5,0
41023,41,2018-11,10.5,10.75,10.5,0
41023,41,2018-12,10.5,10.75,10.5,0
41023,41,2019-01,10.5,10.75,10.5,0
41023,41,2019-02,10.5,10.75,10.5,0
41023,41,2019-03,10.5,10.75,10.5,0
41023,41,2019-04,10.5,10.75,10.5,0
41023,41,2019-05,10.5,10.75,10.5,0
41023,41,2019-06,10.5,10.75,10.5,0
41023,41,2019-07,11.0,11.25,11.0,0
41023,41,2019-08,11.0,11.25,11.0,0
41023,41,2019-09,11.0,11.25,11.0,0
41023,41,2019-10,11.0,11.25,11.0,0
41023,41,2019-11,11.0,11.25,11.0,0
41023,41,2019-12,11.0,11.25,11.0,0
41023,41,2020-01,11.0,11.25,11.0,0
41023,41,2020-02,11.0,11.25,11.0,0
41023,41,2020-03,11.0,11.25,11.0,0
41023,41,2020-04,11.0,11.25,11.0,0
41023,41,2020-05,11.0,11.25,11.0,0
41023,41,2020-06,11.0,11.25,11.0,0
41023,41,2020-07,11.5,12.0,11.5,0
41023,41,2020-08,11.5,12.0,11.5,0
41023,41,2020-09,11.5,12.0,11.5,0
41023,41,2020-10,11.5,12.0,11.5,0
41023,41,2020-11,11.5,12.0,11.5,0
41023,41,2020-12,11.5,12.0,11.5,0
41023,41,2021-01,11.5,12.0,11.5,0
41023,41,2021-02,11.5,12.0,11.5,0
41023,41,2021-03,11.5,12.0,11.5,0
41023,41,2021-04,11.5,12.0,11.5,0
41023,41,2021-05,11.5,12.0,11.5,0
41023,41,2021-06,11.5,12.0,11.5,0
41023,41,2021-07,12.0,12.75,12.0,0
41023,41,2021-08,12.0,12.75,12.0,0
41023,41,2021-09,12.0,12.75,12.0,0
41023,41,2021-10,12.0,12.75,12.0,0
41023,41,2021-11,12.0,12.75,12.0,0
41023,41,2021-12,12.0,12.75,12.0,0
41023,41,2022-01,12.0,12.75,12.0,0
41023,41,2022-02,12.0,12.75,12.0,0
41023,41,2022-03,12.0,12.75,12.0,0
41023,41,2022-04,12.0,12.75,12.0,0
41023,41,2022-05,12.0,12.75,12.0,0
41023,41,2022-06,12.0,12.75,12.0,0
41023,41,2022-07,12.5,13.5,12.5,0
41023,41,2022-08,12.5,13.5,12.5,0
41023,41,2022-09,12.5,13.5,12.5,0
41023,41,2022-10,12.5,13.5,12.5,0
41023,41,2022-11,12.5,13.5,12.5,0
41023,41,2022-12,12.5,13.5,12.5,0
41023,41,2023-01,12.5,13.5,12.5,0
41023,41,2023-02,12.5,13.5,12.5,0
41023,41,2023-03,12.5,13.5,12.5,0
41023,41,2023-04,12.5,13.5,12.5,0
41023,41,2023-05,12.5,13.5,12.5,0
41023,41,2023-06,12.5,13.5,12.5,0
41023,41,2023-07,12.5,14.2,12.5,0
41023,41,2023-08,12.5,14.2,12.5,0
41023,41,2023-09,12.5,14.2,12.5,0
41023,41,2023-10,12.5,14.2,12.5,0
41023,41,2023-11,12.5,14.2,12.5,0
41023,41,2023-12,12.5,14.2,12.5,0
41023,41,2024-01,12.5,14.2,12.5,0
41023,41,2024-02,12.5,14.2,12.5,0
41023,41,2024-03,12.5,14.2,12.5,0
41023,41,2024-04,12.5,14.2,12.5,0
41023,41,2024-05,12.5,14.2,12.5,0
41023,41,2024-06,12.5,14.2,12.5,0
41023,41,2024-07,12.5,14.7,12.5,0
41023,41,2024-08,12.5,14.7,12.5,0
41023,41,2024-09,12.5,14.7,12.5,0
41023,41,2024-10,12.5,14.7,12.5,0
41023,41,2024-11,12.5,14.7,12.5,0
41023,41,2024-12,12.5,14.7,12.5,0
41023,41,2025-01,12.5,14.7,12.5,0
41023,41,2025-02,12.5,14.7,12.5,0
41023,41,2025-03,12.5,14.7,12.5,0
41023,41,2025-04,12.5,14.7,12.5,0
41023,41,2025-05,12.5,14.7,12.5,0
41023,41,2025-06,12.5,14.7,12.5,0
41023,41,2025-07,12.5,15.05,12.5,0
41023,41,2025-08,12.5,15.05,12.5,0
41023,41,2025-09,12.5,15.05,12.5,0
41023,41,2025-10,12.5,15.05,12.5,0
41023,41,2025-11,12.5,15.05,12.5,0
41023,41,2025-12,12.5,15.05,12.5,0
41025,41,2016-07,9.5,9.75,9.5,0
41025,41,2016-08,9.5,9.75,9.5,0
41025,41,2016-09,9.5,9.75,9.5,0
41025,41,2016-10,9.5,9.75,9.5,0
41025,41,2016-11,9.5,9.75,9.5,0
41025,41,2016-12,9.5,9.75,9.5,0
41025,41,2017-01,9.5,9.75,9.5,0
41025,41,2017-02,9.5,9.75,9.5,0
41025,41,2017-03,9.5,9.75,9.5,0
41025,41,2017-04,9.5,9.75,9.5,0
41025,41,2017-05,9.5,9.75,9.5,0
41025,41,2017-06,9.5,9.75,9.5,0
41025,41,2017-07,10.0,10.25,10.0,0
41025,41,2017-08,10.0,10.25,10.0,0
41025,41,2017-09,10.0,10.25,10.0,0
41025,41,2017-10,10.0,10.25,10.0,0
41025,41,2017-11,10.0,10.25,10.0,0
41025,41,2017-12,10.0,10.25,10.0,0
41025,41,2018-01,10.0,10.25,10.0,0
41025,41,2018-02,10.0,10.25,10.0,0
41025,41,2018-03,10.0,10.25,10.0,0
41025,41,2018-04,10.0,10.25,10.0,0
41025,41,2018-05,10.0,10.25,10.0,0
41025,41,2018-06,10.0,10.25,10.0,0
41025,41,2018-07,10.5,10.75,10.5,0
41025,41,2018-08,10.5,10.75,10.5,0
41025,41,2018-09,10.5,10.75,10.5,0
41025,41,2018-10,10.5,10.75,10.5,0
41025,41,2018-11,10.5,10.75,10.5,0
41025,41,2018-12,10.5,10.75,10.5,0
41025,41,2019-01,10.5,10.75,10.5,0
41025,41,2019-02,10.5,10.75,10.5,0
41025,41,2019-03,10.5,10.75,10.5,0
41025,41,2019-04,10.5,10.75,10.5,0
41025,41,2019-05,10.5,10.75,10.5,0
41025,41,2019-06,10.5,10.75,10.5,0
41025,41,2019-07,11.0,11.25,11.0,0
41025,41,2019-08,11.0,11.25,11.0,0
41025,41,2019-09,11.0,11.25,11.0,0
41025,41,2019-10,11.0,11.25,11.0,0
41025,41,2019-11,11.0,11.25,11.0,0
41025,41,2019-12,11.0,11.25,11.0,0
41025,41,2020-01,11.0,11.25,11.0,0
41025,41,2020-02,11.0,11.25,11.0,0
41025,41,2020-03,11.0,11.25,11.0,0
41025,41,2020-04,11.0,11.25,11.0,0
41025,41,2020-05,11.0,11.25,11.0,0
41025,41,2020-06,11.0,11.25,11.0,0
41025,41,2020-07,11.5,12.0,11.5,0
41025,41,2020-08,11.5,12.0,11.5,0
41025,41,2020-09,11.5,12.0,11.5,0
41025,41,2020-10,11.5,12.0,11.5,0
41025,41,2020-11,11.5,12.0,11.5,0
41025,41,2020-12,11.5,12.0,11.5,0
41025,41,2021-01,11.5,12.0,11.5,0
41025,41,2021-02,11.5,12.0,11.5,0
41025,41,2021-03,11.5,12.0,11.5,0
41025,41,2021-04,11.5,12.0,11.5,0
41025,41,2021-05,11.5,12.0,11.5,0
41025,41,2021-06,11.5,12.0,11.5,0
41025,41,2021-07,12.0,12.75,12.0,0
41025,41,2021-08,12.0,12.75,12.0,0
41025,41,2021-09,12.0,12.75,12.0,0
41025,41,2021-10,12.0,12.75,12.0,0
41025,41,2021-11,12.0,12.75,12.0,0
41025,41,2021-12,12.0,12.75,12.0,0
41025,41,2022-01,12.0,12.75,12.0,0
41025,41,2022-02,12.0,12.75,12.0,0
41025,41,2022-03,12.0,12.75,12.0,0
41025,41,2022-04,12.0,12.75,12.0,0
41025,41,2022-05,12.0,12.75,12.0,0
41025,41,2022-06,12.0,12.75,12.0,0
41025,41,2022-07,12.5,13.5,12.5,0
41025,41,2022-08,12.5,13.5,12.5,0
41025,41,2022-09,12.5,13.5,12.5,0
41025,41,2022-10,12.5,13.5,12.5,0
41025,41,2022-11,12.5,13.5,12.5,0
41025,41,2022-12,12.5,13.5,12.5,0
41025,41,2023-01,12.5,13.5,12.5,0
41025,41,2023-02,12.5,13.5,12.5,0
41025,41,2023-03,12.5,13.5,12.5,0
41025,41,2023-04,12.5,13.5,12.5,0
41025,41,2023-05,12.5,13.5,12.5,0
41025,41,2023-06,12.5,13.5,12.5,0
41025,41,2023-07,12.5,14.2,12.5,0
41025,41,2023-08,12.5,14.2,12.5,0
41025,41,2023-09,12.5,14.2,12.5,0
41025,41,2023-10,12.5,14.2,12.5,0
41025,41,2023-11,12.5,14.2,12.5,0
41025,41,2023-12,12.5,14.2,12.5,0
41025,41,2024-01,12.5,14.2,12.5,0
41025,41,2024-02,12.5,14.2,12.5,0
41025,41,2024-03,12.5,14.2,12.5,0
41025,41,2024-04,12.5,14.2,12.5,0
41025,41,2024-05,12.5,14.2,12.5,0
41025,41,2024-06,12.5,14.2,12.5,0
41025,41,2024-07,12.5,14.7,12.5,0
41025,41,2024-08,12.5,14.7,12.5,0
41025,41,2024-09,12.5,14.7,12.5,0
41025,41,2024-10,12.5,14.7,12.5,0
41025,41,2024-11,12.5,14.7,12.5,0
41025,41,2024-12,12.5,14.7,12.5,0
41025,41,2025-01,12.5,14.7,12.5,0
41025,41,2025-02,12.5,14.7,12.5,0
41025,41,2025-03,12.5,14.7,12.5,0
41025,41,2025-04,12.5,14.7,12.5,0
41025,41,2025-05,12.5,14.7,12.5,0
41025,41,2025-06,12.5,14.7,12.5,0
41025,41,2025-07,12.5,15.05,12.5,0
41025,41,2025-08,12.5,15.05,12.5,0
41025,41,2025-09,12.5,15.05,12.5,0
41025,41,2025-10,12.5,15.05,12.5,0
41025,41,2025-11,12.5,15.05,12.5,0
41025,41,2025-12,12.5,15.05,12.5,0
41031,41,2016-07,9.5,9.75,9.5,0
41031,41,2016-08,9.5,9.75,9.5,0
41031,41,2016-09,9.5,9.75,9.5,0
41031,41,2016-10,9.5,9.75,9.5,0
41031,41,2016-11,9.5,9.75,9.5,0
41031,41,2016-12,9.5,9.75,9.5,0
41031,41,2017-01,9.5,9.75,9.5,0
41031,41,2017-02,9.5,9.75,9.5,0
41031,41,2017-03,9.5,9.75,9.5,0
41031,41,2017-04,9.5,9.75,9.5,0
41031,41,2017-05,9.5,9.75,9.5,0
41031,41,2017-06,9.5,9.75,9.5,0
41031,41,2017-07,10.0,10.25,10.0,0
41031,41,2017-08,10.0,10.25,10.0,0
41031,41,2017-09,10.0,10.25,10.0,0
41031,41,2017-10,10.0,10.25,10.0,0
41031,41,2017-11,10.0,10.25,10.0,0
41031,41,2017-12,10.0,10.25,10.0,0
41031,41,2018-01,10.0,10.25,10.0,0
41031,41,2018-02,10.0,10.25,10.0,0
41031,41,2018-03,10.0,10.25,10.0,0
41031,41,2018-04,10.0,10.25,10.0,0
41031,41,2018-05,10.0,10.25,10.0,0
41031,41,2018-06,10.0,10.25,10.0,0
41031,41,2018-07,10.5,10.75,10.5,0
41031,41,2018-08,10.5,10.75,10.5,0
41031,41,2018-09,10.5,10.75,10.5,0
41031,41,2018-10,10.5,10.75,10.5,0
41031,41,2018-11,10.5,10.75,10.5,0
41031,41,2018-12,10.5,10.75,10.5,0
41031,41,2019-01,10.5,10.75,10.5,0
41031,41,2019-02,10.5,10.75,10.5,0
41031,41,2019-03,10.5,10.75,10.5,0
41031,41,2019-04,10.5,10.75,10.5,0
41031,41,2019-05,10.5,10.75,10.5,0
41031,41,2019-06,10.5,10.75,10.5,0
41031,41,2019-07,11.0,11.25,11.0,0
41031,41,2019-08,11.0,11.25,11.0,0
41031,41,2019-09,11.0,11.25,11.0,0
41031,41,2019-10,11.0,11.25,11.0,0
41031,41,2019-11,11.0,11.25,11.0,0
41031,41,2019-12,11.0,11.25,11.0,0
41031,41,2020-01,11.0,11.25,11.0,0
41031,41,2020-02,11.0,11.25,11.0,0
41031,41,2020-03,11.0,11.25,11.0,0
41031,41,2020-04,11.0,11.25,11.0,0
41031,41,2020-05,11.0,11.25,11.0,0
41031,41,2020-06,11.0,11.25,11.0,0
41031,41,2020-07,11.5,12.0,11.5,0
41031,41,2020-08,11.5,12.0,11.5,0
41031,41,2020-09,11.5,12.0,11.5,0
41031,41,2020-10,11.5,12.0,11.5,0
41031,41,2020-11,11.5,12.0,11.5,0
41031,41,2020-12,11.5,12.0,11.5,0
41031,41,2021-01,11.5,12.0,11.5,0
41031,41,2021-02,11.5,12.0,11.5,0
41031,41,2021-03,11.5,12.0,11.5,0
41031,41,2021-04,11.5,12.0,11.5,0
41031,41,2021-05,11.5,12.0,11.5,0
41031,41,2021-06,11.5,12.0,11.5,0
41031,41,2021-07,12.0,12.75,12.0,0
41031,41,2021-08,12.0,12.75,12.0,0
41031,41,2021-09,12.0,12.75,12.0,0
41031,41,2021-10,12.0,12.75,12.0,0
41031,41,2021-11,12.0,12.75,12.0,0
41031,41,2021-12,12.0,12.75,12.0,0
41031,41,2022-01,12.0,12.75,12.0,0
41031,41,2022-02,12.0,12.75,12.0,0
41031,41,2022-03,12.0,12.75,12.0,0
41031,41,2022-04,12.0,12.75,12.0,0
41031,41,2022-05,12.0,12.75,12.0,0
41031,41,2022-06,12.0,12.75,12.0,0
41031,41,2022-07,12.5,13.5,12.5,0
41031,41,2022-08,12.5,13.5,12.5,0
41031,41,2022-09,12.5,13.5,12.5,0
41031,41,2022-10,12.5,13.5,12.5,0
41031,41,2022-11,12.5,13.5,12.5,0
41031,41,2022-12,12.5,13.5,12.5,0
41031,41,2023-01,12.5,13.5,12.5,0
41031,41,2023-02,12.5,13.5,12.5,0
41031,41,2023-03,12.5,13.5,12.5,0
41031,41,2023-04,12.5,13.5,12.5,0
41031,41,2023-05,12.5,13.5,12.5,0
41031,41,2023-06,12.5,13.5,12.5,0
41031,41,2023-07,12.5,14.2,12.5,0
41031,41,2023-08,12.5,14.2,12.5,0
41031,41,2023-09,12.5,14.2,12.5,0
41031,41,2023-10,12.5,14.2,12.5,0
41031,41,2023-11,12.5,14.2,12.5,0
41031,41,2023-12,12.5,14.2,12.5,0
41031,41,2024-01,12.5,14.2,12.5,0
41031,41,2024-02,12.5,14.2,12.5,0
41031,41,2024-03,12.5,14.2,12.5,0
41031,41,2024-04,12.5,14.2,12.5,0
41031,41,2024-05,12.5,14.2,12.5,0
41031,41,2024-06,12.5,14.2,12.5,0
41031,41,2024-07,12.5,14.7,12.5,0
41031,41,2024-08,12.5,14.7,12.5,0
41031,41,2024-09,12.5,14.7,12.5,0
41031,41,2024-10,12.5,14.7,12.5,0
41031,41,2024-11,12.5,14.7,12.5,0
41031,41,2024-12,12.5,14.7,12.5,0
41031,41,2025-01,12.5,14.7,12.5,0
41031,41,2025-02,12.5,14.7,12.5,0
41031,41,2025-03,12.5,14.7,12.5,0
41031,41,2025-04,12.5,14.7,12.5,0
41031,41,2025-05,12.5,14.7,12.5,0
41031,41,2025-06,12.5,14.7,12.5,0
41031,41,2025-07,12.5,15.05,12.5,0
41031,41,2025-08,12.5,15.05,12.5,0
41031,41,2025-09,12.5,15.05,12.5,0
41031,41,2025-10,12.5,15.05,12.5,0
41031,41,2025-11,12.5,15.05,12.5,0
41031,41,2025-12,12.5,15.05,12.5,0
41035,41,2016-07,9.5,9.75,9.5,0
41035,41,2016-08,9.5,9.75,9.5,0
41035,41,2016-09,9.5,9.75,9.5,0
41035,41,2016-10,9.5,9.75,9.5,0
41035,41,2016-11,9.5,9.75,9.5,0
41035,41,2016-12,9.5,9.75,9.5,0
41035,41,2017-01,9.5,9.75,9.5,0
41035,41,2017-02,9.5,9.75,9.5,0
41035,41,2017-03,9.5,9.75,9.5,0
41035,41,2017-04,9.5,9.75,9.5,0
41035,41,2017-05,9.5,9.75,9.5,0
41035,41,2017-06,9.5,9.75,9.5,0
41035,41,2017-07,10.0,10.25,10.0,0
41035,41,2017-08,10.0,10.25,10.0,0
41035,41,2017-09,10.0,10.25,10.0,0
41035,41,2017-10,10.0,10.25,10.0,0
41035,41,2017-11,10.0,10.25,10.0,0
41035,41,2017-12,10.0,10.25,10.0,0
41035,41,2018-01,10.0,10.25,10.0,0
41035,41,2018-02,10.0,10.25,10.0,0
41035,41,2018-03,10.0,10.25,10.0,0
41035,41,2018-04,10.0,10.25,10.0,0
41035,41,2018-05,10.0,10.25,10.0,0
41035,41,2018-06,10.0,10.25,10.0,0
41035,41,2018-07,10.5,10.75,10.5,0
41035,41,2018-08,10.5,10.75,10.5,0
41035,41,2018-09,10.5,10.75,10.5,0
41035,41,2018-10,10.5,10.75,10.5,0
41035,41,2018-11,10.5,10.75,10.5,0
41035,41,2018-12,10.5,10.75,10.5,0
41035,41,2019-01,10.5,10.75,10.5,0
41035,41,2019-02,10.5,10.75,10.5,0
41035,41,2019-03,10.5,10.75,10.5,0
41035,41,2019-04,10.5,10.75,10.5,0
41035,41,2019-05,10.5,10.75,10.5,0
41035,41,2019-06,10.5,10.75,10.5,0
41035,41,2019-07,11.0,11.25,11.0,0
41035,41,2019-08,11.0,11.25,11.0,0
41035,41,2019-09,11.0,11.25,11.0,0
41035,41,2019-10,11.0,11.25,11.0,0
41035,41,2019-11,11.0,11.25,11.0,0
41035,41,2019-12,11.0,11.25,11.0,0
41035,41,2020-01,11.0,11.25,11.0,0
41035,41,2020-02,11.0,11.25,11.0,0
41035,41,2020-03,11.0,11.25,11.0,0
41035,41,2020-04,11.0,11.25,11.0,0
41035,41,2020-05,11.0,11.25,11.0,0
41035,41,2020-06,11.0,11.25,11.0,0
41035,41,2020-07,11.5,12.0,11.5,0
41035,41,2020-08,11.5,12.0,11.5,0
41035,41,2020-09,11.5,12.0,11.5,0
41035,41,2020-10,11.5,12.0,11.5,0
41035,41,2020-11,11.5,12.0,11.5,0
41035,41,2020-12,11.5,12.0,11.5,0
41035,41,2021-01,11.5,12.0,11.5,0
41035,41,2021-02,11.5,12.0,11.5,0
41035,41,2021-03,11.5,12.0,11.5,0
41035,41,2021-04,11.5,12.0,11.5,0
41035,41,2021-05,11.5,12.0,11.5,0
41035,41,2021-06,11.5,12.0,11.5,0
41035,41,2021-07,12.0,12.75,12.0,0
41035,41,2021-08,12.0,12.75,12.0,0
41035,41,2021-09,12.0,12.75,12.0,0
41035,41,2021-10,12.0,12.75,12.0,0
41035,41,2021-11,12.0,12.75,12.0,0
41035,41,2021-12,12.0,12.75,12.0,0
41035,41,2022-01,12.0,12.75,12.0,0
41035,41,2022-02,12.0,12.75,12.0,0
41035,41,2022-03,12.0,12.75,12.0,0
41035,41,2022-04,12.0,12.75,12.0,0
41035,41,2022-05,12.0,12.75,12.0,0
41035,41,2022-06,12.0,12.75,12.0,0
41035,41,2022-07,12.5,13.5,12.5,0
41035,41,2022-08,12.5,13.5,12.5,0
41035,41,2022-09,12.5,13.5,12.5,0
41035,41,2022-10,12.5,13.5,12.5,0
41035,41,2022-11,12.5,13.5,12.5,0
41035,41,2022-12,12.5,13.5,12.5,0
41035,41,2023-01,12.5,13.5,12.5,0
41035,41,2023-02,12.5,13.5,12.5,0
41035,41,2023-03,12.5,13.5,12.5,0
41035,41,2023-04,12.5,13.5,12.5,0
41035,41,2023-05,12.5,13.5,12.5,0
41035,41,2023-06,12.5,13.5,12.5,0
41035,41,2023-07,12.5,14.2,12.5,0
41035,41,2023-08,12.5,14.2,12.5,0
41035,41,2023-09,12.5,14.2,12.5,0
41035,41,2023-10,12.5,14.2,12.5,0
41035,41,2023-11,12.5,14.2,12.5,0
41035,41,2023-12,12.5,14.2,12.5,0
41035,41,2024-01,12.5,14.2,12.5,0
41035,41,2024-02,12.5,14.2,12.5,0
41035,41,2024-03,12.5,14.2,12.5,0
41035,41,2024-04,12.5,14.2,12.5,0
41035,41,2024-05,12.5,14.2,12.5,0
41035,41,2024-06,12.5,14.2,12.5,0
41035,41,2024-07,12.5,14.7,12.5,0
41035,41,2024-08,12.5,14.7,12.5,0
41035,41,2024-09,12.5,14.7,12.5,0
41035,41,2024-10,12.5,14.7,12.5,0
41035,41,2024-11,12.5,14.7,12.5,0
41035,41,2024-12,12.5,14.7,12.5,0
41035,41,2025-01,12.5,14.7,12.5,0
41035,41,2025-02,12.5,14.7,12.5,0
41035,41,2025-03,12.5,14.7,12.5,0
41035,41,2025-04,12.5,14.7,12.5,0
41035,41,2025-05,12.5,14.7,12.5,0
41035,41,2025-06,12.5,14.7,12.5,0
41035,41,2025-07,12.5,15.05,12.5,0
41035,41,2025-08,12.5,15.05,12.5,0
41035,41,2025-09,12.5,15.05,12.5,0
41035,41,2025-10,12.5,15.05,12.5,0
41035,41,2025-11,12.5,15.05,12.5,0
41035,41,2025-12,12.5,15.05,12.5,0
41037,41,2016-07,9.5,9.75,9.5,0
41037,41,2016-08,9.5,9.75,9.5,0
41037,41,2016-09,9.5,9.75,9.5,0
41037,41,2016-10,9.5,9.75,9.5,0
41037,41,2016-11,9.5,9.75,9.5,0
41037,41,2016-12,9.5,9.75,9.5,0
41037,41,2017-01,9.5,9.75,9.5,0
41037,41,2017-02,9.5,9.75,9.5,0
41037,41,2017-03,9.5,9.75,9.5,0
41037,41,2017-04,9.5,9.75,9.5,0
41037,41,2017-05,9.5,9.75,9.5,0
41037,41,2017-06,9.5,9.75,9.5,0
41037,41,2017-07,10.0,10.25,10.0,0
41037,41,2017-08,10.0,10.25,10.0,0
41037,41,2017-09,10.0,10.25,10.0,0
41037,41,2017-10,10.0,10.25,10.0,0
41037,41,2017-11,10.0,10.25,10.0,0
41037,41,2017-12,10.0,10.25,10.0,0
41037,41,2018-01,10.0,10.25,10.0,0
41037,41,2018-02,10.0,10.25,10.0,0
41037,41,2018-03,10.0,10.25,10.0,0
41037,41,2018-04,10.0,10.25,10.0,0
41037,41,2018-05,10.0,10.25,10.0,0
41037,41,2018-06,10.0,10.25,10.0,0
41037,41,2018-07,10.5,10.75,10.5,0
41037,41,2018-08,10.5,10.75,10.5,0
41037,41,2018-09,10.5,10.75,10.5,0
41037,41,2018-10,10.5,10.75,10.5,0
41037,41,2018-11,10.5,10.75,10.5,0
41037,41,2018-12,10.5,10.75,10.5,0
41037,41,2019-01,10.5,10.75,10.5,0
41037,41,2019-02,10.5,10.75,10.5,0
41037,41,2019-03,10.5,10.75,10.5,0
41037,41,2019-04,10.5,10.75,10.5,0
41037,41,2019-05,10.5,10.75,10.5,0
41037,41,2019-06,10.5,10.75,10.5,0
41037,41,2019-07,11.0,11.25,11.0,0
41037,41,2019-08,11.0,11.25,11.0,0
41037,41,2019-09,11.0,11.25,11.0,0
41037,41,2019-10,11.0,11.25,11.0,0
41037,41,2019-11,11.0,11.25,11.0,0
41037,41,2019-12,11.0,11.25,11.0,0
41037,41,2020-01,11.0,11.25,11.0,0
41037,41,2020-02,11.0,11.25,11.0,0
41037,41,2020-03,11.0,11.25,11.0,0
41037,41,2020-04,11.0,11.25,11.0,0
41037,41,2020-05,11.0,11.25,11.0,0
41037,41,2020-06,11.0,11.25,11.0,0
41037,41,2020-07,11.5,12.0,11.5,0
41037,41,2020-08,11.5,12.0,11.5,0
41037,41,2020-09,11.5,12.0,11.5,0
41037,41,2020-10,11.5,12.0,11.5,0
41037,41,2020-11,11.5,12.0,11.5,0
41037,41,2020-12,11.5,12.0,11.5,0
41037,41,2021-01,11.5,12.0,11.5,0
41037,41,2021-02,11.5,12.0,11.5,0
41037,41,2021-03,11.5,12.0,11.5,0
41037,41,2021-04,11.5,12.0,11.5,0
41037,41,2021-05,11.5,12.0,11.5,0
41037,41,2021-06,11.5,12.0,11.5,0
41037,41,2021-07,12.0,12.75,12.0,0
41037,41,2021-08,12.0,12.75,12.0,0
41037,41,2021-09,12.0,12.75,12.0,0
41037,41,2021-10,12.0,12.75,12.0,0
41037,41,2021-11,12.0,12.75,12.0,0
41037,41,2021-12,12.0,12.75,12.0,0
41037,41,2022-01,12.0,12.75,12.0,0
41037,41,2022-02,12.0,12.75,12.0,0
41037,41,2022-03,12.0,12.75,12.0,0
41037,41,2022-04,12.0,12.75,12.0,0
41037,41,2022-05,12.0,12.75,12.0,0
41037,41,2022-06,12.0,12.75,12.0,0
41037,41,2022-07,12.5,13.5,12.5,0
41037,41,2022-08,12.5,13.5,12.5,0
41037,41,2022-09,12.5,13.5,12.5,0
41037,41,2022-10,12.5,13.5,12.5,0
41037,41,2022-11,12.5,13.5,12.5,0
41037,41,2022-12,12.5,13.5,12.5,0
41037,41,2023-01,12.5,13.5,12.5,0
41037,41,2023-02,12.5,13.5,12.5,0
41037,41,2023-03,12.5,13.5,12.5,0
41037,41,2023-04,12.5,13.5,12.5,0
41037,41,2023-05,12.5,13.5,12.5,0
41037,41,2023-06,12.5,13.5,12.5,0
41037,41,2023-07,12.5,14.2,12.5,0
41037,41,2023-08,12.5,14.2,12.5,0
41037,41,2023-09,12.5,14.2,12.5,0
41037,41,2023-10,12.5,14.2,12.5,0
41037,41,2023-11,12.5,14.2,12.5,0
41037,41,2023-12,12.5,14.2,12.5,0
41037,41,2024-01,12.5,14.2,12.5,0
41037,41,2024-02,12.5,14.2,12.5,0
41037,41,2024-03,12.5,14.2,12.5,0
41037,41,2024-04,12.5,14.2,12.5,0
41037,41,2024-05,12.5,14.2,12.5,0
41037,41,2024-06,12.5,14.2,12.5,0
41037,41,2024-07,12.5,14.7,12.5,0
41037,41,2024-08,12.5,14.7,12.5,0
41037,41,2024-09,12.5,14.7,12.5,0
41037,41,2024-10,12.5,14.7,12.5,0
41037,41,2024-11,12.5,14.7,12.5,0
41037,41,2024-12,12.5,14.7,12.5,0
41037,41,2025-01,12.5,14.7,12.5,0
41037,41,2025-02,12.5,14.7,12.5,0
41037,41,2025-03,12.5,14.7,12.5,0
41037,41,2025-04,12.5,14.7,12.5,0
41037,41,2025-05,12.5,14.7,12.5,0
41037,41,2025-06,12.5,14.7,12.5,0
41037,41,2025-07,12.5,15.05,12.5,0
41037,41,2025-08,12.5,15.05,12.5,0
41037,41,2025-09,12.5,15.05,12.5,0
41037,41,2025-10,12.5,15.05,12.5,0
41037,41,2025-11,12.5,15.05,12.5,0
41037,41,2025-12,12.5,15.05,12.5,0
41045,41,2016-07,9.5,9.75,9.5,0
41045,41,2016-08,9.5,9.75,9.5,0
41045,41,2016-09,9.5,9.75,9.5,0
41045,41,2016-10,9.5,9.75,9.5,0
41045,41,2016-11,9.5,9.75,9.5,0
41045,41,2016-12,9.5,9.75,9.5,0
41045,41,2017-01,9.5,9.75,9.5,0
41045,41,2017-02,9.5,9.75,9.5,0
41045,41,2017-03,9.5,9.75,9.5,0
41045,41,2017-04,9.5,9.75,9.5,0
41045,41,2017-05,9.5,9.75,9.5,0
41045,41,2017-06,9.5,9.75,9.5,0
41045,41,2017-07,10.0,10.25,10.0,0
41045,41,2017-08,10.0,10.25,10.0,0
41045,41,2017-09,10.0,10.25,10.0,0
41045,41,2017-10,10.0,10.25,10.0,0
41045,41,2017-11,10.0,10.25,10.0,0
41045,41,2017-12,10.0,10.25,10.0,0
41045,41,2018-01,10.0,10.25,10.0,0
41045,41,2018-02,10.0,10.25,10.0,0
41045,41,2018-03,10.0,10.25,10.0,0
41045,41,2018-04,10.0,10.25,10.0,0
41045,41,2018-05,10.0,10.25,10.0,0
41045,41,2018-06,10.0,10.25,10.0,0
41045,41,2018-07,10.5,10.75,10.5,0
41045,41,2018-08,10.5,10.75,10.5,0
41045,41,2018-09,10.5,10.75,10.5,0
41045,41,2018-10,10.5,10.75,10.5,0
41045,41,2018-11,10.5,10.75,10.5,0
41045,41,2018-12,10.5,10.75,10.5,0
41045,41,2019-01,10.5,10.75,10.5,0
41045,41,2019-02,10.5,10.75,10.5,0
41045,41,2019-03,10.5,10.75,10.5,0
41045,41,2019-04,10.5,10.75,10.5,0
41045,41,2019-05,10.5,10.75,10.5,0
41045,41,2019-06,10.5,10.75,10.5,0
41045,41,2019-07,11.0,11.25,11.0,0
41045,41,2019-08,11.0,11.25,11.0,0
41045,41,2019-09,11.0,11.25,11.0,0
41045,41,2019-10,11.0,11.25,11.0,0
41045,41,2019-11,11.0,11.25,11.0,0
41045,41,2019-12,11.0,11.25,11.0,0
41045,41,2020-01,11.0,11.25,11.0,0
41045,41,2020-02,11.0,11.25,11.0,0
41045,41,2020-03,11.0,11.25,11.0,0
41045,41,2020-04,11.0,11.25,11.0,0
41045,41,2020-05,11.0,11.25,11.0,0
41045,41,2020-06,11.0,11.25,11.0,0
41045,41,2020-07,11.5,12.0,11.5,0
41045,41,2020-08,11.5,12.0,11.5,0
41045,41,2020-09,11.5,12.0,11.5,0
41045,41,2020-10,11.5,12.0,11.5,0
41045,41,2020-11,11.5,12.0,11.5,0
41045,41,2020-12,11.5,12.0,11.5,0
41045,41,2021-01,11.5,12.0,11.5,0
41045,41,2021-02,11.5,12.0,11.5,0
41045,41,2021-03,11.5,12.0,11.5,0
41045,41,2021-04,11.5,12.0,11.5,0
41045,41,2021-05,11.5,12.0,11.5,0
41045,41,2021-06,11.5,12.0,11.5,0
41045,41,2021-07,12.0,12.75,12.0,0
41045,41,2021-08,12.0,12.75,12.0,0
41045,41,2021-09,12.0,12.75,12.0,0
41045,41,2021-10,12.0,12.75,12.0,0
41045,41,2021-11,12.0,12.75,12.0,0
41045,41,2021-12,12.0,12.75,12.0,0
41045,41,2022-01,12.0,12.75,12.0,0
41045,41,2022-02,12.0,12.75,12.0,0
41045,41,2022-03,12.0,12.75,12.0,0
41045,41,2022-04,12.0,12.75,12.0,0
41045,41,2022-05,12.0,12.75,12.0,0
41045,41,2022-06,12.0,12.75,12.0,0
41045,41,2022-07,12.5,13.5,12.5,0
41045,41,2022-08,12.5,13.5,12.5,0
41045,41,2022-09,12.5,13.5,12.5,0
41045,41,2022-10,12.5,13.5,12.5,0
41045,41,2022-11,12.5,13.5,12.5,0
41045,41,2022-12,12.5,13.5,12.5,0
41045,41,2023-01,12.5,13.5,12.5,0
41045,41,2023-02,12.5,13.5,12.5,0
41045,41,2023-03,12.5,13.5,12.5,0
41045,41,2023-04,12.5,13.5,12.5,0
41045,41,2023-05,12.5,13.5,12.5,0
41045,41,2023-06,12.5,13.5,12.5,0
41045,41,2023-07,12.5,14.2,12.5,0
41045,41,2023-08,12.5,14.2,12.5,0
41045,41,2023-09,12.5,14.2,12.5,0
41045,41,2023-10,12.5,14.2,12.5,0
41045,41,2023-11,12.5,14.2,12.5,0
41045,41,2023-12,12.5,14.2,12.5,0
41045,41,2024-01,12.5,14.2,12.5,0
41045,41,2024-02,12.5,14.2,12.5,0
41045,41,2024-03,12.5,14.2,12.5,0
41045,41,2024-04,12.5,14.2,12.5,0
41045,41,2024-05,12.5,14.2,12.5,0
41045,41,2024-06,12.5,14.2,12.5,0
41045,41,2024-07,12.5,14.7,12.5,0
41045,41,2024-08,12.5,14.7,12.5,0
41045,41,2024-09,12.5,14.7,12.5,0
41045,41,2024-10,12.5,14.7,12.5,0
41045,41,2024-11,12.5,14.7,12.5,0
41045,41,2024-12,12.5,14.7,12.5,0
41045,41,2025-01,12.5,14.7,12.5,0
41045,41,2025-02,12.5,14.7,12.5,0
41045,41,2025-03,12.5,14.7,12.5,0
41045,41,2025-04,12.5,14.7,12.5,0
41045,41,2025-05,12.5,14.7,12.5,0
41045,41,2025-06,12.5,14.7,12.5,0
41045,41,2025-07,12.5,15.05,12.5,0
41045,41,2025-08,12.5,15.05,12.5,0
41045,41,2025-09,12.5,15.05,12.5,0
41045,41,2025-10,12.5,15.05,12.5,0
41045,41,2025-11,12.5,15.05,12.5,0
41045,41,2025-12,12.5,15.05,12.5,0
41049,41,2016-07,9.5,9.75,9.5,0
41049,41,2016-08,9.5,9.75,9.5,0
41049,41,2016-09,9.5,9.75,9.5,0
41049,41,2016-10,9.5,9.75,9.5,0
41049,41,2016-11,9.5,9.75,9.5,0
41049,41,2016-12,9.5,9.75,9.5,0
41049,41,2017-01,9.5,9.75,9.5,0
41049,41,2017-02,9.5,9.75,9.5,0
41049,41,2017-03,9.5,9.75,9.5,0
41049,41,2017-04,9.5,9.75,9.5,0
41049,41,2017-05,9.5,9.75,9.5,0
41049,41,2017-06,9.5,9.75,9.5,0
41049,41,2017-07,10.0,10.25,10.0,0
41049,41,2017-08,10.0,10.25,10.0,0
41049,41,2017-09,10.0,10.25,10.0,0
41049,41,2017-10,10.0,10.25,10.0,0
41049,41,2017-11,10.0,10.25,10.0,0
41049,41,2017-12,10.0,10.25,10.0,0
41049,41,2018-01,10.0,10.25,10.0,0
41049,41,2018-02,10.0,10.25,10.0,0
41049,41,2018-03,10.0,10.25,10.0,0
41049,41,2018-04,10.0,10.25,10.0,0
41049,41,2018-05,10.0,10.25,10.0,0
41049,41,2018-06,10.0,10.25,10.0,0
41049,41,2018-07,10.5,10.75,10.5,0
41049,41,2018-08,10.5,10.75,10.5,0
41049,41,2018-09,10.5,10.75,10.5,0
41049,41,2018-10,10.5,10.75,10.5,0
41049,41,2018-11,10.5,10.75,10.5,0
41049,41,2018-12,10.5,10.75,10.5,0
41049,41,2019-01,10.5,10.75,10.5,0
41049,41,2019-02,10.5,10.75,10.5,0
41049,41,2019-03,10.5,10.75,10.5,0
41049,41,2019-04,10.5,10.75,10.5,0
41049,41,2019-05,10.5,10.75,10.5,0
41049,41,2019-06,10.5,10.75,10.5,0
41049,41,2019-07,11.0,11.25,11.0,0
41049,41,2019-08,11.0,11.25,11.0,0
41049,41,2019-09,11.0,11.25,11.0,0
41049,41,2019-10,11.0,11.25,11.0,0
41049,41,2019-11,11.0,11.25,11.0,0
41049,41,2019-12,11.0,11.25,11.0,0
41049,41,2020-01,11.0,11.25,11.0,0
41049,41,2020-02,11.0,11.25,11.0,0
41049,41,2020-03,11.0,11.25,11.0,0
41049,41,2020-04,11.0,11.25,11.0,0
41049,41,2020-05,11.0,11.25,11.0,0
41049,41,2020-06,11.0,11.25,11.0,0
41049,41,2020-07,11.5,12.0,11.5,0
41049,41,2020-08,11.5,12.0,11.5,0
41049,41,2020-09,11.5,12.0,11.5,0
41049,41,2020-10,11.5,12.0,11.5,0
41049,41,2020-11,11.5,12.0,11.5,0
41049,41,2020-12,11.5,12.0,11.5,0
41049,41,2021-01,11.5,12.0,11.5,0
41049,41,2021-02,11.5,12.0,11.5,0
41049,41,2021-03,11.5,12.0,11.5,0
41049,41,2021-04,11.5,12.0,11.5,0
41049,41,2021-05,11.5,12.0,11.5,0
41049,41,2021-06,11.5,12.0,11.5,0
41049,41,2021-07,12.0,12.75,12.0,0
41049,41,2021-08,12.0,12.75,12.0,0
41049,41,2021-09,12.0,12.75,12.0,0
41049,41,2021-10,12.0,12.75,12.0,0
41049,41,2021-11,12.0,12.75,12.0,0
41049,41,2021-12,12.0,12.75,12.0,0
41049,41,2022-01,12.0,12.75,12.0,0
41049,41,2022-02,12.0,12.75,12.0,0
41049,41,2022-03,12.0,12.75,12.0,0
41049,41,2022-04,12.0,12.75,12.0,0
41049,41,2022-05,12.0,12.75,12.0,0
41049,41,2022-06,12.0,12.75,12.0,0
41049,41,2022-07,12.5,13.5,12.5,0
41049,41,2022-08,12.5,13.5,12.5,0
41049,41,2022-09,12.5,13.5,12.5,0
41049,41,2022-10,12.5,13.5,12.5,0
41049,41,2022-11,12.5,13.5,12.5,0
41049,41,2022-12,12.5,13.5,12.5,0
41049,41,2023-01,12.5,13.5,12.5,0
41049,41,2023-02,12.5,13.5,12.5,0
41049,41,2023-03,12.5,13.5,12.5,0
41049,41,2023-04,12.5,13.5,12.5,0
41049,41,2023-05,12.5,13.5,12.5,0
41049,41,2023-06,12.5,13.5,12.5,0
41049,41,2023-07,12.5,14.2,12.5,0
41049,41,2023-08,12.5,14.2,12.5,0
41049,41,2023-09,12.5,14.2,12.5,0
41049,41,2023-10,12.5,14.2,12.5,0
41049,41,2023-11,12.5,14.2,12.5,0
41049,41,2023-12,12.5,14.2,12.5,0
41049,41,2024-01,12.5,14.2,12.5,0
41049,41,2024-02,12.5,14.2,12.5,0
41049,41,2024-03,12.5,14.2,12.5,0
41049,41,2024-04,12.5,14.2,12.5,0
41049,41,2024-05,12.5,14.2,12.5,0
41049,41,2024-06,12.5,14.2,12.5,0
41049,41,2024-07,12.5,14.7,12.5,0
41049,41,2024-08,12.5,14.7,12.5,0
41049,41,2024-09,12.5,14.7,12.5,0
41049,41,2024-10,12.5,14.7,12.5,0
41049,41,2024-11,12.5,14.7,12.5,0
41049,41,2024-12,12.5,14.7,12.5,0
41049,41,2025-01,12.5,14.7,12.5,0
41049,41,2025-02,12.5,14.7,12.5,0
41049,41,2025-03,12.5,14.7,12.5,0
41049,41,2025-04,12.5,14.7,12.5,0
41049,41,2025-05,12.5,14.7,12.5,0
41049,41,2025-06,12.5,14.7,12.5,0
41049,41,2025-07,12.5,15.05,12.5,0
41049,41,2025-08,12.5,15.05,12.5,0
41049,41,2025-09,12.5,15.05,12.5,0
41049,41,2025-10,12.5,15.05,12.5,0
41049,41,2025-11,12.5,15.05,12.5,0
41049,41,2025-12,12.5,15.05,12.5,0
41055,41,2016-07,9.5,9.75,9.5,0
41055,41,2016-08,9.5,9.75,9.5,0
41055,41,2016-09,9.5,9.75,9.5,0
41055,41,2016-10,9.5,9.75,9.5,0
41055,41,2016-11,9.5,9.75,9.5,0
41055,41,2016-12,9.5,9.75,9.5,0
41055,41,2017-01,9.5,9.75,9.5,0
41055,41,2017-02,9.5,9.75,9.5,0
41055,41,2017-03,9.5,9.75,9.5,0
41055,41,2017-04,9.5,9.75,9.5,0
41055,41,2017-05,9.5,9.75,9.5,0
41055,41,2017-06,9.5,9.75,9.5,0
41055,41,2017-07,10.0,10.25,10.0,0
41055,41,2017-08,10.0,10.25,10.0,0
41055,41,2017-09,10.0,10.25,10.0,0
41055,41,2017-10,10.0,10.25,10.0,0
41055,41,2017-11,10.0,10.25,10.0,0
41055,41,2017-12,10.0,10.25,10.0,0
41055,41,2018-01,10.0,10.25,10.0,0
41055,41,2018-02,10.0,10.25,10.0,0
41055,41,2018-03,10.0,10.25,10.0,0
41055,41,2018-04,10.0,10.25,10.0,0
41055,41,2018-05,10.0,10.25,10.0,0
41055,41,2018-06,10.0,10.25,10.0,0
41055,41,2018-07,10.5,10.75,10.5,0
41055,41,2018-08,10.5,10.75,10.5,0
41055,41,2018-09,10.5,10.75,10.5,0
41055,41,2018-10,10.5,10.75,10.5,0
41055,41,2018-11,10.5,10.75,10.5,0
41055,41,2018-12,10.5,10.75,10.5,0
41055,41,2019-01,10.5,10.75,10.5,0
41055,41,2019-02,10.5,10.75,10.5,0
41055,41,2019-03,10.5,10.75,10.5,0
41055,41,2019-04,10.5,10.75,10.5,0
41055,41,2019-05,10.5,10.75,10.5,0
41055,41,2019-06,10.5,10.75,10.5,0
41055,41,2019-07,11.0,11.25,11.0,0
41055,41,2019-08,11.0,11.25,11.0,0
41055,41,2019-09,11.0,11.25,11.0,0
41055,41,2019-10,11.0,11.25,11.0,0
41055,41,2019-11,11.0,11.25,11.0,0
41055,41,2019-12,11.0,11.25,11.0,0
41055,41,2020-01,11.0,11.25,11.0,0
41055,41,2020-02,11.0,11.25,11.0,0
41055,41,2020-03,11.0,11.25,11.0,0
41055,41,2020-04,11.0,11.25,11.0,0
41055,41,2020-05,11.0,11.25,11.0,0
41055,41,2020-06,11.0,11.25,11.0,0
41055,41,2020-07,11.5,12.0,11.5,0
41055,41,2020-08,11.5,12.0,11.5,0
41055,41,2020-09,11.5,12.0,11.5,0
41055,41,2020-10,11.5,12.0,11.5,0
41055,41,2020-11,11.5,12.0,11.5,0
41055,41,2020-12,11.5,12.0,11.5,0
41055,41,2021-01,11.5,12.0,11.5,0
41055,41,2021-02,11.5,12.0,11.5,0
41055,41,2021-03,11.5,12.0,11.5,0
41055,41,2021-04,11.5,12.0,11.5,0
41055,41,2021-05,11.5,12.0,11.5,0
41055,41,2021-06,11.5,12.0,11.5,0
41055,41,2021-07,12.0,12.75,12.0,0
41055,41,2021-08,12.0,12.75,12.0,0
41055,41,2021-09,12.0,12.75,12.0,0
41055,41,2021-10,12.0,12.75,12.0,0
41055,41,2021-11,12.0,12.75,12.0,0
41055,41,2021-12,12.0,12.75,12.0,0
41055,41,2022-01,12.0,12.75,12.0,0
41055,41,2022-02,12.0,12.75,12.0,0
41055,41,2022-03,12.0,12.75,12.0,0
41055,41,2022-04,12.0,12.75,12.0,0
41055,41,2022-05,12.0,12.75,12.0,0
41055,41,2022-06,12.0,12.75,12.0,0
41055,41,2022-07,12.5,13.5,12.5,0
41055,41,2022-08,12.5,13.5,12.5,0
41055,41,2022-09,12.5,13.5,12.5,0
41055,41,2022-10,12.5,13.5,12.5,0
41055,41,2022-11,12.5,13.5,12.5,0
41055,41,2022-12,12.5,13.5,12.5,0
41055,41,2023-01,12.5,13.5,12.5,0
41055,41,2023-02,12.5,13.5,12.5,0
41055,41,2023-03,12.5,13.5,12.5,0
41055,41,2023-04,12.5,13.5,12.5,0
41055,41,2023-05,12.5,13.5,12.5,0
41055,41,2023-06,12.5,13.5,12.5,0
41055,41,2023-07,12.5,14.2,12.5,0
41055,41,2023-08,12.5,14.2,12.5,0
41055,41,2023-09,12.5,14.2,12.5,0
41055,41,2023-10,12.5,14.2,12.5,0
41055,41,2023-11,12.5,14.2,12.5,0
41055,41,2023-12,12.5,14.2,12.5,0
41055,41,2024-01,12.5,14.2,12.5,0
41055,41,2024-02,12.5,14.2,12.5,0
41055,41,2024-03,12.5,14.2,12.5,0
41055,41,2024-04,12.5,14.2,12.5,0
41055,41,2024-05,12.5,14.2,12.5,0
41055,41,2024-06,12.5,14.2,12.5,0
41055,41,2024-07,12.5,14.7,12.5,0
41055,41,2024-08,12.5,14.7,12.5,0
41055,41,2024-09,12.5,14.7,12.5,0
41055,41,2024-10,12.5,14.7,12.5,0
41055,41,2024-11,12.5,14.7,12.5,0
41055,41,2024-12,12.5,14.7,12.5,0
41055,41,2025-01,12.5,14.7,12.5,0
41055,41,2025-02,12.5,14.7,12.5,0
41055,41,2025-03,12.5,14.7,12.5,0
41055,41,2025-04,12.5,14.7,12.5,0
41055,41,2025-05,12.5,14.7,12.5,0
41055,41,2025-06,12.5,14.7,12.5,0
41055,41,2025-07,12.5,15.05,12.5,0
41055,41,2025-08,12.5,15.05,12.5,0
41055,41,2025-09,12.5,15.05,12.5,0
41055,41,2025-10,12.5,15.05,12.5,0
41055,41,2025-11,12.5,15.05,12.5,0
41055,41,2025-12,12.5,15.05,12.5,0
41059,41,2016-07,9.5,9.75,9.5,0
41059,41,2016-08,9.5,9.75,9.5,0
41059,41,2016-09,9.5,9.75,9.5,0
41059,41,2016-10,9.5,9.75,9.5,0
41059,41,2016-11,9.5,9.75,9.5,0
41059,41,2016-12,9.5,9.75,9.5,0
41059,41,2017-01,9.5,9.75,9.5,0
41059,41,2017-02,9.5,9.75,9.5,0
41059,41,2017-03,9.5,9.75,9.5,0
41059,41,2017-04,9.5,9.75,9.5,0
41059,41,2017-05,9.5,9.75,9.5,0
41059,41,2017-06,9.5,9.75,9.5,0
41059,41,2017-07,10.0,10.25,10.0,0
41059,41,2017-08,10.0,10.25,10.0,0
41059,41,2017-09,10.0,10.25,10.0,0
41059,41,2017-10,10.0,10.25,10.0,0
41059,41,2017-11,10.0,10.25,10.0,0
41059,41,2017-12,10.0,10.25,10.0,0
41059,41,2018-01,10.0,10.25,10.0,0
41059,41,2018-02,10.0,10.25,10.0,0
41059,41,2018-03,10.0,10.25,10.0,0
41059,41,2018-04,10.0,10.25,10.0,0
41059,41,2018-05,10.0,10.25,10.0,0
41059,41,2018-06,10.0,10.25,10.0,0
41059,41,2018-07,10.5,10.75,10.5,0
41059,41,2018-08,10.5,10.75,10.5,0
41059,41,2018-09,10.5,10.75,10.5,0
41059,41,2018-10,10.5,10.75,10.5,0
41059,41,2018-11,10.5,10.75,10.5,0
41059,41,2018-12,10.5,10.75,10.5,0
41059,41,2019-01,10.5,10.75,10.5,0
41059,41,2019-02,10.5,10.75,10.5,0
41059,41,2019-03,10.5,10.75,10.5,0
41059,41,2019-04,10.5,10.75,10.5,0
41059,41,2019-05,10.5,10.75,10.5,0
41059,41,2019-06,10.5,10.75,10.5,0
41059,41,2019-07,11.0,11.25,11.0,0
41059,41,2019-08,11.0,11.25,11.0,0
41059,41,2019-09,11.0,11.25,11.0,0
41059,41,2019-10,11.0,11.25,11.0,0
41059,41,2019-11,11.0,11.25,11.0,0
41059,41,2019-12,11.0,11.25,11.0,0
41059,41,2020-01,11.0,11.25,11.0,0
41059,41,2020-02,11.0,11.25,11.0,0
41059,41,2020-03,11.0,11.25,11.0,0
41059,41,2020-04,11.0,11.25,11.0,0
41059,41,2020-05,11.0,11.25,11.0,0
41059,41,2020-06,11.0,11.25,11.0,0
41059,41,2020-07,11.5,12.0,11.5,0
41059,41,2020-08,11.5,12.0,11.5,0
41059,41,2020-09,11.5,12.0,11.5,0
41059,41,2020-10,11.5,12.0,11.5,0
41059,41,2020-11,11.5,12.0,11.5,0
41059,41,2020-12,11.5,12.0,11.5,0
41059,41,2021-01,11.5,12.0,11.5,0
41059,41,2021-02,11.5,12.0,11.5,0
41059,41,2021-03,11.5,12.0,11.5,0
41059,41,2021-04,11.5,12.0,11.5,0
41059,41,2021-05,11.5,12.0,11.5,0
41059,41,2021-06,11.5,12.0,11.5,0
41059,41,2021-07,12.0,12.75,12.0,0
41059,41,2021-08,12.0,12.75,12.0,0
41059,41,2021-09,12.0,12.75,12.0,0
41059,41,2021-10,12.0,12.75,12.0,0
41059,41,2021-11,12.0,12.75,12.0,0
41059,41,2021-12,12.0,12.75,12.0,0
41059,41,2022-01,12.0,12.75,12.0,0
41059,41,2022-02,12.0,12.75,12.0,0
41059,41,2022-03,12.0,12.75,12.0,0
41059,41,2022-04,12.0,12.75,12.0,0
41059,41,2022-05,12.0,12.75,12.0,0
41059,41,2022-06,12.0,12.75,12.0,0
41059,41,2022-07,12.5,13.5,12.5,0
41059,41,2022-08,12.5,13.5,12.5,0
41059,41,2022-09,12.5,13.5,12.5,0
41059,41,2022-10,12.5,13.5,12.5,0
41059,41,2022-11,12.5,13.5,12.5,0
41059,41,2022-12,12.5,13.5,12.5,0
41059,41,2023-01,12.5,13.5,12.5,0
41059,41,2023-02,12.5,13.5,12.5,0
41059,41,2023-03,12.5,13.5,12.5,0
41059,41,2023-04,12.5,13.5,12.5,0
41059,41,2023-05,12.5,13.5,12.5,0
41059,41,2023-06,12.5,13.5,12.5,0
41059,41,2023-07,12.5,14.2,12.5,0
41059,41,2023-08,12.5,14.2,12.5,0
41059,41,2023-09,12.5,14.2,12.5,0
41059,41,2023-10,12.5,14.2,12.5,0
41059,41,2023-11,12.5,14.2,12.5,0
41059,41,2023-12,12.5,14.2,12.5,0
41059,41,2024-01,12.5,14.2,12.5,0
41059,41,2024-02,12.5,14.2,12.5,0
41059,41,2024-03,12.5,14.2,12.5,0
41059,41,2024-04,12.5,14.2,12.5,0
41059,41,2024-05,12.5,14.2,12.5,0
41059,41,2024-06,12.5,14.2,12.5,0
41059,41,2024-07,12.5,14.7,12.5,0
41059,41,2024-08,12.5,14.7,12.5,0
41059,41,2024-09,12.5,14.7,12.5,0
41059,41,2024-10,12.5,14.7,12.5,0
41059,41,2024-11,12.5,14.7,12.5,0
41059,41,2024-12,12.5,14.7,12.5,0
41059,41,2025-01,12.5,14.7,12.5,0
41059,41,2025-02,12.5,14.7,12.5,0
41059,41,2025-03,12.5,14.7,12.5,0
41059,41,2025-04,12.5,14.7,12.5,0
41059,41,2025-05,12.5,14.7,12.5,0
41059,41,2025-06,12.5,14.7,12.5,0
41059,41,2025-07,12.5,15.05,12.5,0
41059,41,2025-08,12.5,15.05,12.5,0
41059,41,2025-09,12.5,15.05,12.5,0
41059,41,2025-10,12.5,15.05,12.5,0
41059,41,2025-11,12.5,15.05,12.5,0
41059,41,2025-12,12.5,15.05,12.5,0
41061,41,2016-07,9.5,9.75,9.5,0
41061,41,2016-08,9.5,9.75,9.5,0
41061,41,2016-09,9.5,9.75,9.5,0
41061,41,2016-10,9.5,9.75,9.5,0
41061,41,2016-11,9.5,9.75,9.5,0
41061,41,2016-12,9.5,9.75,9.5,0
41061,41,2017-01,9.5,9.75,9.5,0
41061,41,2017-02,9.5,9.75,9.5,0
41061,41,2017-03,9.5,9.75,9.5,0
41061,41,2017-04,9.5,9.75,9.5,0
41061,41,2017-05,9.5,9.75,9.5,0
41061,41,2017-06,9.5,9.75,9.5,0
41061,41,2017-07,10.0,10.25,10.0,0
41061,41,2017-08,10.0,10.25,10.0,0
41061,41,2017-09,10.0,10.25,10.0,0
41061,41,2017-10,10.0,10.25,10.0,0
41061,41,2017-11,10.0,10.25,10.0,0
41061,41,2017-12,10.0,10.25,10.0,0
41061,41,2018-01,10.0,10.25,10.0,0
41061,41,2018-02,10.0,10.25,10.0,0
41061,41,2018-03,10.0,10.25,10.0,0
41061,41,2018-04,10.0,10.25,10.0,0
41061,41,2018-05,10.0,10.25,10.0,0
41061,41,2018-06,10.0,10.25,10.0,0
41061,41,2018-07,10.5,10.75,10.5,0
41061,41,2018-08,10.5,10.75,10.5,0
41061,41,2018-09,10.5,10.75,10.5,0
41061,41,2018-10,10.5,10.75,10.5,0
41061,41,2018-11,10.5,10.75,10.5,0
41061,41,2018-12,10.5,10.75,10.5,0
41061,41,2019-01,10.5,10.75,10.5,0
41061,41,2019-02,10.5,10.75,10.5,0
41061,41,2019-03,10.5,10.75,10.5,0
41061,41,2019-04,10.5,10.75,10.5,0
41061,41,2019-05,10.5,10.75,10.5,0
41061,41,2019-06,10.5,10.75,10.5,0
41061,41,2019-07,11.0,11.25,11.0,0
41061,41,2019-08,11.0,11.25,11.0,0
41061,41,2019-09,11.0,11.25,11.0,0
41061,41,2019-10,11.0,11.25,11.0,0
41061,41,2019-11,11.0,11.25,11.0,0
41061,41,2019-12,11.0,11.25,11.0,0
41061,41,2020-01,11.0,11.25,11.0,0
41061,41,2020-02,11.0,11.25,11.0,0
41061,41,2020-03,11.0,11.25,11.0,0
41061,41,2020-04,11.0,11.25,11.0,0
41061,41,2020-05,11.0,11.25,11.0,0
41061,41,2020-06,11.0,11.25,11.0,0
41061,41,2020-07,11.5,12.0,11.5,0
41061,41,2020-08,11.5,12.0,11.5,0
41061,41,2020-09,11.5,12.0,11.5,0
41061,41,2020-10,11.5,12.0,11.5,0
41061,41,2020-11,11.5,12.0,11.5,0
41061,41,2020-12,11.5,12.0,11.5,0
41061,41,2021-01,11.5,12.0,11.5,0
41061,41,2021-02,11.5,12.0,11.5,0
41061,41,2021-03,11.5,12.0,11.5,0
41061,41,2021-04,11.5,12.0,11.5,0
41061,41,2021-05,11.5,12.0,11.5,0
41061,41,2021-06,11.5,12.0,11.5,0
41061,41,2021-07,12.0,12.75,12.0,0
41061,41,2021-08,12.0,12.75,12.0,0
41061,41,2021-09,12.0,12.75,12.0,0
41061,41,2021-10,12.0,12.75,12.0,0
41061,41,2021-11,12.0,12.75,12.0,0
41061,41,2021-12,12.0,12.75,12.0,0
41061,41,2022-01,12.0,12.75,12.0,0
41061,41,2022-02,12.0,12.75,12.0,0
41061,41,2022-03,12.0,12.75,12.0,0
41061,41,2022-04,12.0,12.75,12.0,0
41061,41,2022-05,12.0,12.75,12.0,0
41061,41,2022-06,12.0,12.75,12.0,0
41061,41,2022-07,12.5,13.5,12.5,0
41061,41,2022-08,12.5,13.5,12.5,0
41061,41,2022-09,12.5,13.5,12.5,0
41061,41,2022-10,12.5,13.5,12.5,0
41061,41,2022-11,12.5,13.5,12.5,0
41061,41,2022-12,12.5,13.5,12.5,0
41061,41,2023-01,12.5,13.5,12.5,0
41061,41,2023-02,12.5,13.5,12.5,0
41061,41,2023-03,12.5,13.5,12.5,0
41061,41,2023-04,12.5,13.5,12.5,0
41061,41,2023-05,12.5,13.5,12.5,0
41061,41,2023-06,12.5,13.5,12.5,0
41061,41,2023-07,12.5,14.2,12.5,0
41061,41,2023-08,12.5,14.2,12.5,0
41061,41,2023-09,12.5,14.2,12.5,0
41061,41,2023-10,12.5,14.2,12.5,0
41061,41,2023-11,12.5,14.2,12.5,0
41061,41,2023-12,12.5,14.2,12.5,0
41061,41,2024-01,12.5,14.2,12.5,0
41061,41,2024-02,12.5,14.2,12.5,0
41061,41,2024-03,12.5,14.2,12.5,0
41061,41,2024-04,12.5,14.2,12.5,0
41061,41,2024-05,12.5,14.2,12.5,0
41061,41,2024-06,12.5,14.2,12.5,0
41061,41,2024-07,12.5,14.7,12.5,0
41061,41,2024-08,12.5,14.7,12.5,0
41061,41,2024-09,12.5,14.7,12.5,0
41061,41,2024-10,12.5,14.7,12.5,0
41061,41,2024-11,12.5,14.7,12.5,0
41061,41,2024-12,12.5,14.7,12.5,0
41061,41,2025-01,12.5,14.7,12.5,0
41061,41,2025-02,12.5,14.7,12.5,0
41061,41,2025-03,12.5,14.7,12.5,0
41061,41,2025-04,12.5,14.7,12.5,0
41061,41,2025-05,12.5,14.7,12.5,0
41061,41,2025-06,12.5,14.7,12.5,0
41061,41,2025-07,12.5,15.05,12.5,0
41061,41,2025-08,12.5,15.05,12.5,0
41061,41,2025-09,12.5,15.05,12.5,0
41061,41,2025-10,12.5,15.05,12.5,0
41061,41,2025-11,12.5,15.05,12.5,0
41061,41,2025-12,12.5,15.05,12.5,0
41063,41,2016-07,9.5,9.75,9.5,0
41063,41,2016-08,9.5,9.75,9.5,0
41063,41,2016-09,9.5,9.75,9.5,0
41063,41,2016-10,9.5,9.75,9.5,0
41063,41,2016-11,9.5,9.75,9.5,0
41063,41,2016-12,9.5,9.75,9.5,0
41063,41,2017-01,9.5,9.75,9.5,0
41063,41,2017-02,9.5,9.75,9.5,0
41063,41,2017-03,9.5,9.75,9.5,0
41063,41,2017-04,9.5,9.75,9.5,0
41063,41,2017-05,9.5,9.75,9.5,0
41063,41,2017-06,9.5,9.75,9.5,0
41063,41,2017-07,10.0,10.25,10.0,0
41063,41,2017-08,10.0,10.25,10.0,0
41063,41,2017-09,10.0,10.25,10.0,0
41063,41,2017-10,10.0,10.25,10.0,0
41063,41,2017-11,10.0,10.25,10.0,0
41063,41,2017-12,10.0,10.25,10.0,0
41063,41,2018-01,10.0,10.25,10.0,0
41063,41,2018-02,10.0,10.25,10.0,0
41063,41,2018-03,10.0,10.25,10.0,0
41063,41,2018-04,10.0,10.25,10.0,0
41063,41,2018-05,10.0,10.25,10.0,0
41063,41,2018-06,10.0,10.25,10.0,0
41063,41,2018-07,10.5,10.75,10.5,0
41063,41,2018-08,10.5,10.75,10.5,0
41063,41,2018-09,10.5,10.75,10.5,0
41063,41,2018-10,10.5,10.75,10.5,0
41063,41,2018-11,10.5,10.75,10.5,0
41063,41,2018-12,10.5,10.75,10.5,0
41063,41,2019-01,10.5,10.75,10.5,0
41063,41,2019-02,10.5,10.75,10.5,0
41063,41,2019-03,10.5,10.75,10.5,0
41063,41,2019-04,10.5,10.75,10.5,0
41063,41,2019-05,10.5,10.75,10.5,0
41063,41,2019-06,10.5,10.75,10.5,0
41063,41,2019-07,11.0,11.25,11.0,0
41063,41,2019-08,11.0,11.25,11.0,0
41063,41,2019-09,11.0,11.25,11.0,0
41063,41,2019-10,11.0,11.25,11.0,0
41063,41,2019-11,11.0,11.25,11.0,0
41063,41,2019-12,11.0,11.25,11.0,0
41063,41,2020-01,11.0,11.25,11.0,0
41063,41,2020-02,11.0,11.25,11.0,0
41063,41,2020-03,11.0,11.25,11.0,0
41063,41,2020-04,11.0,11.25,11.0,0
41063,41,2020-05,11.0,11.25,11.0,0
41063,41,2020-06,11.0,11.25,11.0,0
41063,41,2020-07,11.5,12.0,11.5,0
41063,41,2020-08,11.5,12.0,11.5,0
41063,41,2020-09,11.5,12.0,11.5,0
41063,41,2020-10,11.5,12.0,11.5,0
41063,41,2020-11,11.5,12.0,11.5,0
41063,41,2020-12,11.5,12.0,11.5,0
41063,41,2021-01,11.5,12.0,11.5,0
41063,41,2021-02,11.5,12.0,11.5,0
41063,41,2021-03,11.5,12.0,11.5,0
41063,41,2021-04,11.5,12.0,11.5,0
41063,41,2021-05,11.5,12.0,11.5,0
41063,41,2021-06,11.5,12.0,11.5,0
41063,41,2021-07,12.0,12.75,12.0,0
41063,41,2021-08,12.0,12.75,12.0,0
41063,41,2021-09,12.0,12.75,12.0,0
41063,41,2021-10,12.0,12.75,12.0,0
41063,41,2021-11,12.0,12.75,12.0,0
41063,41,2021-12,12.0,12.75,12.0,0
41063,41,2022-01,12.0,12.75,12.0,0
41063,41,2022-02,12.0,12.75,12.0,0
41063,41,2022-03,12.0,12.75,12.0,0
41063,41,2022-04,12.0,12.75,12.0,0
41063,41,2022-05,12.0,12.75,12.0,0
41063,41,2022-06,12.0,12.75,12.0,0
41063,41,2022-07,12.5,13.5,12.5,0
41063,41,2022-08,12.5,13.5,12.5,0
41063,41,2022-09,12.5,13.5,12.5,0
41063,41,2022-10,12.5,13.5,12.5,0
41063,41,2022-11,12.5,13.5,12.5,0
41063,41,2022-12,12.5,13.5,12.5,0
41063,41,2023-01,12.5,13.5,12.5,0
41063,41,2023-02,12.5,13.5,12.5,0
41063,41,2023-03,12.5,13.5,12.5,0
41063,41,2023-04,12.5,13.5,12.5,0
41063,41,2023-05,12.5,13.5,12.5,0
41063,41,2023-06,12.5,13.5,12.5,0
41063,41,2023-07,12.5,14.2,12.5,0
41063,41,2023-08,12.5,14.2,12.5,0
41063,41,2023-09,12.5,14.2,12.5,0
41063,41,2023-10,12.5,14.2,12.5,0
41063,41,2023-11,12.5,14.2,12.5,0
41063,41,2023-12,12.5,14.2,12.5,0
41063,41,2024-01,12.5,14.2,12.5,0
41063,41,2024-02,12.5,14.2,12.5,0
41063,41,2024-03,12.5,14.2,12.5,0
41063,41,2024-04,12.5,14.2,12.5,0
41063,41,2024-05,12.5,14.2,12.5,0
41063,41,2024-06,12.5,14.2,12.5,0
41063,41,2024-07,12.5,14.7,12.5,0
41063,41,2024-08,12.5,14.7,12.5,0
41063,41,2024-09,12.5,14.7,12.5,0
41063,41,2024-10,12.5,14.7,12.5,0
41063,41,2024-11,12.5,14.7,12.5,0
41063,41,2024-12,12.5,14.7,12.5,0
41063,41,2025-01,12.5,14.7,12.5,0
41063,41,2025-02,12.5,14.7,12.5,0
41063,41,2025-03,12.5,14.7,12.5,0
41063,41,2025-04,12.5,14.7,12.5,0
41063,41,2025-05,12.5,14.7,12.5,0
41063,41,2025-06,12.5,14.7,12.5,0
41063,41,2025-07,12.5,15.05,12.5,0
41063,41,2025-08,12.5,15.05,12.5,0
41063,41,2025-09,12.5,15.05,12.5,0
41063,41,2025-10,12.5,15.05,12.5,0
41063,41,2025-11,12.5,15.05,12.5,0
41063,41,2025-12,12.5,15.05,12.5,0
41069,41,2016-07,9.5,9.75,9.5,0
41069,41,2016-08,9.5,9.75,9.5,0
41069,41,2016-09,9.5,9.75,9.5,0
41069,41,2016-10,9.5,9.75,9.5,0
41069,41,2016-11,9.5,9.75,9.5,0
41069,41,2016-12,9.5,9.75,9.5,0
41069,41,2017-01,9.5,9.75,9.5,0
41069,41,2017-02,9.5,9.75,9.5,0
41069,41,2017-03,9.5,9.75,9.5,0
41069,41,2017-04,9.5,9.75,9.5,0
41069,41,2017-05,9.5,9.75,9.5,0
41069,41,2017-06,9.5,9.75,9.5,0
41069,41,2017-07,10.0,10.25,10.0,0
41069,41,2017-08,10.0,10.25,10.0,0
41069,41,2017-09,10.0,10.25,10.0,0
41069,41,2017-10,10.0,10.25,10.0,0
41069,41,2017-11,10.0,10.25,10.0,0
41069,41,2017-12,10.0,10.25,10.0,0
41069,41,2018-01,10.0,10.25,10.0,0
41069,41,2018-02,10.0,10.25,10.0,0
41069,41,2018-03,10.0,10.25,10.0,0
41069,41,2018-04,10.0,10.25,10.0,0
41069,41,2018-05,10.0,10.25,10.0,0
41069,41,2018-06,10.0,10.25,10.0,0
41069,41,2018-07,10.5,10.75,10.5,0
41069,41,2018-08,10.5,10.75,10.5,0
41069,41,2018-09,10.5,10.75,10.5,0
41069,41,2018-10,10.5,10.75,10.5,0
41069,41,2018-11,10.5,10.75,10.5,0
41069,41,2018-12,10.5,10.75,10.5,0
41069,41,2019-01,10.5,10.75,10.5,0
41069,41,2019-02,10.5,10.75,10.5,0
41069,41,2019-03,10.5,10.75,10.5,0
41069,41,2019-04,10.5,10.75,10.5,0
41069,41,2019-05,10.5,10.75,10.5,0
41069,41,2019-06,10.5,10.75,10.5,0
41069,41,2019-07,11.0,11.25,11.0,0
41069,41,2019-08,11.0,11.25,11.0,0
41069,41,2019-09,11.0,11.25,11.0,0
41069,41,2019-10,11.0,11.25,11.0,0
41069,41,2019-11,11.0,11.25,11.0,0
41069,41,2019-12,11.0,11.25,11.0,0
41069,41,2020-01,11.0,11.25,11.0,0
41069,41,2020-02,11.0,11.25,11.0,0
41069,41,2020-03,11.0,11.25,11.0,0
41069,41,2020-04,11.0,11.25,11.0,0
41069,41,2020-05,11.0,11.25,11.0,0
41069,41,2020-06,11.0,11.25,11.0,0
41069,41,2020-07,11.5,12.0,11.5,0
41069,41,2020-08,11.5,12.0,11.5,0
41069,41,2020-09,11.5,12.0,11.5,0
41069,41,2020-10,11.5,12.0,11.5,0
41069,41,2020-11,11.5,12.0,11.5,0
41069,41,2020-12,11.5,12.0,11.5,0
41069,41,2021-01,11.5,12.0,11.5,0
41069,41,2021-02,11.5,12.0,11.5,0
41069,41,2021-03,11.5,12.0,11.5,0
41069,41,2021-04,11.5,12.0,11.5,0
41069,41,2021-05,11.5,12.0,11.5,0
41069,41,2021-06,11.5,12.0,11.5,0
41069,41,2021-07,12.0,12.75,12.0,0
41069,41,2021-08,12.0,12.75,12.0,0
41069,41,2021-09,12.0,12.75,12.0,0
41069,41,2021-10,12.0,12.75,12.0,0
41069,41,2021-11,12.0,12.75,12.0,0
41069,41,2021-12,12.0,12.75,12.0,0
41069,41,2022-01,12.0,12.75,12.0,0
41069,41,2022-02,12.0,12.75,12.0,0
41069,41,2022-03,12.0,12.75,12.0,0
41069,41,2022-04,12.0,12.75,12.0,0
41069,41,2022-05,12.0,12.75,12.0,0
41069,41,2022-06,12.0,12.75,12.0,0
41069,41,2022-07,12.5,13.5,12.5,0
41069,41,2022-08,12.5,13.5,12.5,0
41069,41,2022-09,12.5,13.5,12.5,0
41069,41,2022-10,12.5,13.5,12.5,0
41069,41,2022-11,12.5,13.5,12.5,0
41069,41,2022-12,12.5,13.5,12.5,0
41069,41,2023-01,12.5,13.5,12.5,0
41069,41,2023-02,12.5,13.5,12.5,0
41069,41,2023-03,12.5,13.5,12.5,0
41069,41,2023-04,12.5,13.5,12.5,0
41069,41,2023-05,12.5,13.5,12.5,0
41069,41,2023-06,12.5,13.5,12.5,0
41069,41,2023-07,12.5,14.2,12.5,0
41069,41,2023-08,12.5,14.2,12.5,0
41069,41,2023-09,12.5,14.2,12.5,0
41069,41,2023-10,12.5,14.2,12.5,0
41069,41,2023-11,12.5,14.2,12.5,0
41069,41,2023-12,12.5,14.2,12.5,0
41069,41,2024-01,12.5,14.2,12.5,0
41069,41,2024-02,12.5,14.2,12.5,0
41069,41,2024-03,12.5,14.2,12.5,0
41069,41,2024-04,12.5,14.2,12.5,0
41069,41,2024-05,12.5,14.2,12.5,0
41069,41,2024-06,12.5,14.2,12.5,0
41069,41,2024-07,12.5,14.7,12.5,0
41069,41,2024-08,12.5,14.7,12.5,0
41069,41,2024-09,12.5,14.7,12.5,0
41069,41,2024-10,12.5,14.7,12.5,0
41069,41,2024-11,12.5,14.7,12.5,0
41069,41,2024-12,12.5,14.7,12.5,0
41069,41,2025-01,12.5,14.7,12.5,0
41069,41,2025-02,12.5,14.7,12.5,0
41069,41,2025-03,12.5,14.7,12.5,0
41069,41,2025-04,12.5,14.7,12.5,0
41069,41,2025-05,12.5,14.7,12.5,0
41069,41,2025-06,12.5,14.7,12.5,0
41069,41,2025-07,12.5,15.05,12.5,0
41069,41,2025-08,12.5,15.05,12.5,0
41069,41,2025-09,12.5,15.05,12.5,0
41069,41,2025-10,12.5,15.05,12.5,0
41069,41,2025-11,12.5,15.05,12.5,0
41069,41,2025-12,12.5,15.05,12.5,0
